Название;Автор;Наличие;Цена со скидкой;Цена без скидки;Скидка
Алгоритмы. Теория и практическое применение;Стивенс Род;На складе;985;1263;22
{Вы пока еще не знаете JS} Познакомьтесь, JavaScript;Симпсон Кайл;На складе;821;1053;22
Паттерны программирования игр;Нистрем Роберт;На складе;1232;1579;22
Эффективный C. Профессиональное программирование;Сикорд Роберт С.;На складе;1470;1884;22
React. Современные шаблоны для разработки приложений;Бэнкс Алекс, Порселло Ева;На складе;1537;1971;22
JavaScript. Обработка событий на примерах. Учебное пособие;Янцев Валерий Викторович;Ограничено;1546;2209;30
ASP.NET CORE в действии;Лок Эндрю;На складе;2643;3776;30
Анализируем данные в Microsoft Power BI. Подготовка к экзамену DA-100;Маслюк Даниил;На складе;1322;1888;30
Программирование на PHP в примерах и задачах;Васильев Алексей;На складе;771;988;22
Статистический анализ экспериментальных данных в пакетах MathCAD и Excel;Воскобойников Юрий Евгеньевич;Ограничено;1417;2024;30
Инженерные расчеты. Книга-билингва. Учебное пособие;Очков Валерий Федорович и др.;На складе;2318;3312;30
JavaScript. Обработка событий на примерах. Учебное пособие для СПО;Янцев Валерий Викторович;На складе;1546;2209;30
Компьютерное моделирование автоматизации технологических процессов и производств. Практикум. СПО;Алексеев Владимир Анатольевич;Ограничено;1417;2024;30
Ghidra. Полное руководство;Игл Крис, Нэнс Кара;На складе;2512;3588;30
Изучаем WinUI 3.0;Эшкрафт Элвин;На складе;1322;1888;30
JavaScript для профессиональных веб-разработчиков;Фрисби Мэтт;На складе;2747;3522;22
Осваиваем Ethereum. Создание смарт-контрактов и децентрализованных приложений;Антонопулос Андреас М., Вуд Гэвин;На складе;1726;2213;22
SQL за 10 минут;Форта Бен;На складе;1120;1600;30
Облачные архитектуры. Разработка устойчивых и экономичных облачных приложений;Лащевски Том и др.;На складе;1236;1584;22
Делай как в Google. Разработка программного обеспечения;Винтерс Титус и др.;На складе;2244;2877;22
Программируем на C# 8.0. Разработка приложений;Гриффитс Иэн;На складе;3243;4158;22
C# 9.0. Справочник. Полное описание языка;Албахари Джозеф;На складе;4235;6050;30
Изучаем квантовые вычисления на Python и Q#;Кайзер Сара, Гранад Кристофер;На складе;2095;2993;30
Системы автоматического управления: теория, применение, моделирование в MATLAB. Учебное пособие;Ощепков Александр Юрьевич;Ограничено;1771;2530;30
Коды с суммированием для систем технического диагностирования. В 2-х томах;Сапожников Валерий Владимирович и др.;На складе;1420;2029;30
Основы тестирования программного обеспечения. СПО;Старолетов Сергей Михайлович;На складе;1392;1988;30
Java. Решение практических задач;Леонард Анджел;На складе;1376;1966;30
Создание сайтов на Tilda. Самоучитель;Молочков Владимир Петрович;На складе;620;886;30
Основы искусственного интеллекта в примерах на Python;Постолит Анатолий Владимирович;На складе;777;1110;30
Python, Django и PyCharm для начинающих;Постолит Анатолий Владимирович;На складе;724;1034;30
Bootstrap и CSS-препроцессор Sass;Прохоренок Николай Анатольевич;На складе;847;1210;30
Практическая статистика для специалистов Data Science;Брюс Питер и др.;На складе;794;1134;30
Гид по Computer Science, расширенное издание;Спрингер Вильям;На складе;938;1203;22
Как работают компьютерные сети и интернет;Северанс Чарльз Р.;На складе;856;1223;30
Разработка конвейеров машинного обучения. Автоматизация жизненных циклов модели с помощью TensorFlow;Ханнес Хапке, Нельсон Кэтрин;На складе;1428;2040;30
SQL для хранения, обработки и анализа данных;Туманов Владимир Евгеньевич, Гайфуллин Булат Накиевич;На складе;574;820;30
Безопасность веб-приложений. Разведка, защита, нападение;Хоффман Эндрю;На складе;1994;2557;22
Распределенные данные. Алгоритмы работы современных систем хранения информации;Петров Алекс;На складе;2161;2771;22
Безопасно by Design;Берг Джонсон Дэн и др.;На складе;1751;2245;22
Разработка на JavaScript. Построение кроссплатформенных приложений с помощью GraphQL, React;Скотт Адам Д.;На складе;1901;2437;22
Пакет прикладных программ. Учебное пособие;Шитов Виктор Николаевич;На складе;2268;3240;30
Программирование в САПР. Пространственное моделирование колонного аппарата в среде Autodesk Inventor;Лянг Виктор Федорович;На складе;1797;2567;30
Искусство тестирования на проникновение в сеть;Дэвис Ройс;На складе;1428;2040;30
Построение пользовательских интерфейсов;Малышев Кирилл Викторович;На складе;1285;1835;30
Data Science для карьериста;Нолис Жаклин, Робинсон Эмили;На складе;1945;2494;22
Экстремальный Cи. Параллелизм, ООП и продвинутые возможности;Амини Камран;На складе;2457;3150;22
Программная инженерия. Учебное пособие;Маран Микхель Михкелевич;Ограничено;1889;2698;30
Алгоритмы обработки текста. 125 задач с решениями;Крошемор Максим и др.;На складе;1428;2040;30
Аналитика в Power BI с помощью R и Python;Уэйд Райан;На складе;1856;2651;30
Программирование. Введение в профессию. Том 2. Системы и сети;Столяров Андрей Викторович;На складе;2141;3059;30
Программирование. Введение в профессию. Том 3. Парадигмы;Столяров Андрей Викторович;На складе;2141;3059;30
C#. Алгоритмы и структуры данных. Учебное пособие для вузов;Тюкачев Николай Аркадьевич, Хлебостроев Виктор Григорьевич;На складе;2515;3593;30
Python, например;Лейси Никола;На складе;987;1265;22
Изучаем SQL. Генерация, выборка и обработка данных;Болье Алан;На складе;2419;3456;30
Знакомство с программированием на языке Processing;Риас Кейси, Фрай Бен;На складе;1070;1529;30
Arduino. Большая книга рецептов;Марголис Майкл и др.;На складе;1482;2117;30
Active Directory глазами хакера;Hacker Ralf;На складе;382;546;30
Web-сервер глазами хакера;Фленов Михаил Евгеньевич;На складе;538;768;30
JavaScript для глубокого обучения. TensorFlow.js;Шолле Франсуа и др.;На складе;2805;3596;22
Введение в язык Си++;Столяров Андрей Викторович;На складе;856;1223;30
Профессиональное программирование на ассемблере x64 с расширениями AVX, AVX2 и AVX-512;Куссвюрм Даниэль;На складе;2284;3263;30
Говорят, в IT много платят. Как построить успешную карьеру разработчика, оставаться востребованным;Правдина Елена Владиславовна;На складе;649;832;22
Безопасность контейнеров. Фундаментальный подход к защите контейнеризированных приложений;Райс Лиз;На складе;1790;2295;22
Те же 10 вопросов через 20 лет. Офис и компьютер;Проскурин Сергей Павлович;На складе;280;359;22
Программирование. Введение в профессию. Том 1. Азы программирования;Столяров Андрей Викторович;На складе;2141;3059;30
Имитационное моделирование процессов и систем в АПК. Учебное пособие;Худякова Елена Викторовна, Липатов Алексей Александрович;На складе;1897;2710;30
ВОСХОД программиста;Земцов А. Н.;На складе;920;1180;22
JavaScript с нуля;Чиннатамби Кирупа;На складе;1223;1568;22
Наглядный CSS;Сидельников Грег;На складе;1112;1425;22
Scala. Профессиональное программирование;Одерски Мартин и др.;На складе;4219;5409;22
Основы разработки iOS-приложений на C# с помощью Xamarin. Учебное пособие для вузов;Умрихин Евгений Дмитриевич;Ограничено;2190;3129;30
Основы разработки iOS-приложений на C# с помощью Xamarin.СПО;Умрихин Евгений Дмитриевич;На складе;2087;2982;30
Программирование.Сборник задач.СПО;Батасова Валентина Сергеевна, Гречкина Полина Викторовна;Ограничено;1113;1590;30
Математическое программирование.СПО;Ганичева Антонина Валериановна;Ограничено;905;1293;30
Программирование на ассемблере х64. От начального уровня до профессионального использования AVX64;Йо Ван Гуй;На складе;1428;2040;30
Веб-дизайн для начинающих. HTML, CSS, JavaScript и веб-графика;Роббинс Дженнифер Нидерст;На складе;1852;2646;30
Разработка веб-приложений на WordPress;Мессенленер Брайан, Коулман Джейсон;На складе;1165;1664;30
Парадигма программирования. Учебное пособие;Городняя Лидия Васильевна;На складе;1674;2391;30
ASP.NET Core 3 с примерами на C# для профессионалов;Фримен Адам;На складе;4840;6914;30
PowerShell для сисадминов;Бертрам Адам;На складе;1840;2359;22
Защита данных. От авторизации до аудита;Андресс Джейсон;На складе;1223;1568;22
Создаем динамические веб-сайты на PHP;Татро Кевин, Макинтайр Питер;На складе;1840;2359;22
Теория вероятностей и математическая статистика в среде MATLAB. Учебное пособие;Алибеков Игорь Юсупович;На складе;1355;1936;30
HTTP/2 в действии;Поллард Барри;На складе;1856;2651;30
Методика моделирования динамики октокоптера;Щекатуров Александр Михайлович;На складе;1142;1631;30
Байесовская статистика. Star Wars, LEGO, резиновые уточки и многое другое;Курт Уилл;На складе;2210;2833;22
Python. Лучшие практики и инструменты;Яворски Михаил, Зиаде Терек;На складе;2210;2833;22
Raspberry Pi 4. Официальное руководство для начинающих;Халфакри Гарет;На складе;1428;2040;30
Laravel 8. Быстрая разработка веб-сайтов на PHP;Дронов Владимир Александрович;На складе;1048;1497;30
Разработка Android-приложений на С# с использованием Xamarin с нуля;Умрихин Евгений Дмитриевич;На складе;692;988;30
Атаки на веб и WordPress;;На складе;519;741;30
Linux глазами хакера;Фленов Михаил Евгеньевич;На складе;692;988;30
Вероятностное программирование;Колбин Вячеслав Викторович;Ограничено;2167;3096;30
C# 9.0. Карманный справочник;Албахари Джозеф, Албахари Бен;На складе;1210;1728;30
Восстановление данных. Практическое руководство;Касперски Крис и др.;На складе;642;917;30
Теория автоматического управления (с использованием MATLAB - SIMULINK). Учебное пособие;Пащенко Федор Федорович, Кудинов Юрий Иванович;Ограничено;2504;3577;30
Обработка естественного языка. Python и spaCy на практике;Васильев Юрий;На складе;1229;1576;22
Python для финансовых расчетов;Хилпиш Ив;На складе;4840;6914;30
Разработка и анализ компьютерных алгоритмов;Ахо Альфред В. и др.;На складе;1814;2592;30
Научное программирование на Python;Хилл Кристиан;На складе;2284;3263;30
Проектирование и разработка WEB-приложений. Введение в frontend и backend разработку на JavaScript;Заяц Анатолий Моисеевич, Васильев Николай Павлович;На складе;1376;1966;30
C#. Основы программирования (+CD). СПО;Тюкачев Николай Аркадьевич, Хлебостроев Виктор Григорьевич;На складе;1796;2566;30
C#. Программирование 2D и 3D векторной графики (+CD). СПО;Тюкачев Николай Аркадьевич, Хлебостроев Виктор Григорьевич;На складе;1796;2566;30
Алгоритмизация и программирование. Практикум. СПО;Андрианова Анастасия Александровна;Ограничено;1408;2011;30
Организация беспроводных Ad Hoc и Hot Spot сетей в среде ОС Windows;Заяц Анатолий Моисеевич, Хабаров Сергей Петрович;На складе;1490;2128;30
Построение распределенных систем на базе WebSocket. Учебное пособие;Хабаров Сергей Петрович, Шилкина Мария Львовна;Ограничено;1402;2003;30
Практическое введение в язык программирования Си. СПО;Солдатенко Илья Сергеевич, Попов Иван Владимирович;На складе;951;1358;30
Проектирование и разработка WEB-приложений. Введение в frontend и backend разработку. СПО;Заяц Анатолий Моисеевич, Васильев Николай Павлович;Ограничено;1033;1475;30
Введение в язык Си++;Столяров Андрей Викторович;На складе;1141;1630;30
Оформление программного кода;Столяров Андрей Викторович;На складе;951;1358;30
Простой Python для опытных программистов;Гаско Рик;На складе;718;1025;30
Профессиональная разработка на Python;Уилкс Мэттью;На складе;2427;3467;30
Программируй & типизируй;Ришкуция Влад;На складе;1773;2273;22
Основы Python. Научитесь мыслить как программист;Дауни Аллен Б.;На складе;991;1271;22
SimInTech. Преобразователи автономных источников электроэнергии;Калачёв Ю. Н., Александров А. Г.;На складе;438;626;30
JavaScript. Готовые программы. Учебное пособие;Янцев Валерий Викторович;Ограничено;1252;1789;30
JavaScript. Готовые программы. СПО;Янцев Валерий Викторович;На складе;1113;1590;30
TypeScript быстро;Файн Яков, Моисеев Антон;На складе;1974;2531;22
C# 8 и .NET Core. Разработка и оптимизация;Прайс Марк Дж.;На складе;2735;3507;22
Основы программирования на языке С. Учебное пособие;Гагарина Лариса Геннадьевна, Дорогова Екатерина Георгиевна;На складе;1797;2567;30
Основы программирования на языке С. Учебное пособие;Гагарина Лариса Геннадьевна, Дорогова Екатерина Георгиевна;На складе;1797;2567;30
Java. Быстрый старт;Чан Джейми;На складе;807;1035;22
Python. Быстрый старт;Чан Джейми;На складе;807;1035;22
CSS для профи;Грант Кит;На складе;1597;2048;22
Kubernetes. Лучшие практики. Построение эффективных приложений;Бернс Брендан и др.;На складе;1209;1550;22
C++ для профи;Лоспинозо Джош;На складе;2581;3309;22
Интеллектуальные информационные системы и методы искусственного интеллекта;Андрейчиков Александр Валентинович, Андрейчикова Ольга Николаевна;На складе;4111;5873;30
Современный скрапинг веб-сайтов с помощью Python;Митчелл Райан;На складе;1765;2263;22
Инструментальные средства разработки программного обеспечения Системы Fossil;Орещенков Игорь Сергеевич;На складе;1810;2585;30
Эффективный Java. Тюнинг кода на Java 8, 11 и дальше;Оукс Скотт;На складе;2567;3291;22
Веб-разработка с применением Node и Express. Полноценное использование стека JavaScript;Браун Итан;На складе;1630;2090;22
gRPC. Запуск и эксплуатация облачных приложений. Go и Java для Docker и Kubernetes;Индрасири Касун, Курупу Данеш;На складе;1357;1740;22
Python. Сборник упражнений;Стивенсон Бен;На складе;856;1223;30
Совершенный алгоритм. Алгоритмы для NP-трудных задач;Рафгарден Тим;На складе;1494;1915;22
Стильный Java. Код, который работает всегда и везде;Фаэлла Марко;На складе;1923;2465;22
Внедрение зависимостей на платформе .NET;Симан Марк, Дерсен Стивен Ван;На складе;2567;3291;22
От монолита к микросервисам;Ньюмен Сэм;На складе;745;1064;30
Электроника. Занимательная электроника;Ревич Юрий Всеволодович;На складе;794;1134;30
Проекты с использованием контроллера Arduino;Петин Виктор Александрович;На складе;745;1064;30
Карьера программиста;Лакман Макдауэлл Гейл;На складе;1604;2057;22
Практикум по проектированию на языках VerilogHDL и SystemVerilog. Учебное пособие;Мурсаев Александр Хафизович, Буренева Ольга Игоревна;На складе;855;1222;30
Глубокое обучение. Легкая разработка проектов на Python;Вейдман Сет;На складе;2295;2942;22
Паттерны проектирования для C# и платформы .NET Core;Арораа Гаурав, Чилберто Джеффри;На складе;2649;3396;22
Структуры и алгоритмы обработки данных. Учебник для СПО;Павлов Леонид Александрович, Первова Наталия Викторовна;Ограничено;1052;1503;30
Численные методы и программирование. Учебное пособие для СПО;Слабнов Виктор Дмитриевич;На складе;2783;3975;30
Технология разработки программного обеспечения. Учебное пособие для СПО;Зубкова Татьяна Михайловна;На складе;1847;2638;30
“Непрактичный” Python. Занимательные проекты для тех, кто хочет поумнеть;Воган Ли;На складе;847;1210;30
Разработка приложений на Swift 5.1 и SwiftUI с нуля;Казанский Александр Анатольевич;На складе;745;1064;30
WordPress с нуля;Молочков Владимир Петрович;На складе;487;695;30
Изучаем C++ через программирование игр;Доусон Майкл;На складе;868;1113;22
Совершенный софт. Совершенный софт — совершенная;Леве Джувел;На складе;1753;2247;22
Spark в действии. С примерами Java, Python и Scala;Перрен Жан-Жорж;На складе;2427;3467;30
Изучаем Power Query. Наглядный подход к подключению и преобразованию данных из множества источников;Фоукс Линда, Спарроу Уоррен;На складе;1428;2040;30
Еще более эффективный Agile;Макконнелл Стив;На складе;1209;1550;22
Секреты Python Pro;Хиллард Дейн;На складе;1888;2421;22
Программирование на Python в примерах и задачах;Васильев Алексей Николаевич;На складе;902;1157;22
Моделирование и оптимизация процессов управления в технологических системах. Учебник;Колтунов Игорь Ильич, Крыжановская Татьяна Георгиевна;На складе;998;1425;30
Квантовые вычисления. Прикладной подход;Хидари Джек Д.;На складе;1428;2040;30
JavaScript. Полное руководство;Флэнаган Дэвид;На складе;3025;4322;30
Проектирование информационных систем. Основы управления проектами. СПО;Баллод Борис Анатольевич, Гвоздева Татьяна Вадимовна;На складе;566;808;30
Проектирование информационных систем. Методы и средства структурно-функционального проектирования;Гвоздева Татьяна Вадимовна, Баллод Борис Анатольевич;Ограничено;1044;1492;30
Структуры дан.в C#.Лин.и нелин.динамич.структ.СПО;Симонова Елена Витальевна;На складе;1113;1590;30
Проектирование информационных систем. Стандартизация, техническое документирование информ. систем;Гвоздева Татьяна Вадимовна, Баллод Борис Анатольевич;Ограничено;1372;1960;30
Системы отображения информации. Дискретные индикаторы. Учебник для вузов;Смирнов Виктор Михайлович;На складе;2131;3044;30
Инфокоммуникационные системы. Протоколы,интерфейсы. Практикум. СПО;Журавлев Антон Евгеньевич;На складе;1322;1889;30
Нечеткое моделирование и управление в технических системах. Учебное пособие для вузов;Кудинов Юрий Иванович и др.;На складе;1936;2766;30
Мультимедийные технологии. Учебник для СПО;Катунин Геннадий Павлович;Ограничено;2922;4174;30
Swift. Основы разработки приложений под iOS, iPadOS и macOS;Усов Василий;На складе;1563;2004;22
Система модулей Java;Парлог Николай;На складе;2024;2595;22
Системы искусственного интеллекта. Учебное пособие;Бураков Михаил Владимирович;На складе;458;654;30
Как программировать на С++;Дейтел Харви, Дейтел Пол Дж.;На складе;1306;1866;30
Игровой движок. Программирование и внутреннее устройство;Грегори Джейсон;На складе;4321;5540;22
Принципы юнит-тестирования;Хориков Владимир;На складе;1073;1376;22
Простой Python. Современный стиль программирования;Любанович Билл;На складе;1617;2073;22
Kotlin. Сборник рецептов. Предметный подход;Коузен Кен;На складе;1142;1631;30
Олимпиадное программирование;Лааксонен Антти;На складе;1356;1937;30
Алгоритмы и структуры данных. Учебное пособие;Мясникова Нелли Александровна;На складе;823;1176;30
Компьютерная арифметика. Учебное пособие. СПО (+CD);Иорданский Михаил Анатольевич;На складе;970;1386;30
Программирование. Практикум. Учебное пособие;Быкадорова Елена Анатольевна;На складе;361;515;30
Системное программное обеспечение информационных мультимедиасистем. Учебное пособие;Иванько Александр Федорович, Иванько Михаил Александрович;На складе;691;987;30
Распределенные системы;Таненбаум Эндрю, Стин ван Мартен;На складе;2141;3059;30
Основы алгоритмизации и программирования на PythonОсновы алгоритмизации и программирования на Python;Гуриков Сергей Ростиславович;На складе;3420;4885;30
Android. Программирование для профессионалов;Филлипс Билл и др.;На складе;1760;2257;22
Алгебра и геометрия с примерами на Python. Учебное пособие;Борзунов Сергей Викторович, Кургалин Сергей Дмитриевич;На складе;3225;4607;30
Корпоративные информационные системы. Администрирование сетевого домена. Учебное пособие;Журавлев Антон Евгеньевич и др.;Ограничено;1534;2192;30
Введение в программирование на языке Visual Basic for Applications (VBA). Учебное пособие;Гуриков Сергей Ростиславович;На складе;2377;3396;30
Hello World! Программирование для детей и взрослых;Сэнд Уоррен, Сэнд Картер;На складе;1285;1835;30
Методология создания информационных систем. Учебное пособие;Карминский Александр Маркович, Черников Борис Васильевич;На складе;2087;2981;30
Время UNIX. A History and a Memoir;Керниган Брайан;На складе;1053;1350;22
Проектирование информационных систем. Учебное пособие. СПО;Вейцман Владимир Моисеевич;На складе;2031;2901;30
Создание сайтов на основе WordPress. Учебное пособие. СПО;Сергеев Алексей Николаевич;На складе;799;1142;30
Интеграция управления программой и системной инженерии. Методы, инструменты и организационные систем;Мицуфуджи Акио и др.;На складе;2141;3059;30
Современный JavaScript для нетерпеливых;Хорстман Кэй С.;На складе;1285;1835;30
Инфокоммуникационные системы. Учебник;Журавлев Антон Евгеньевич, Макшанов Андрей Владимирович;На складе;2688;3840;30
Инфокоммуникационные системы. Учебник;Журавлев Антон Евгеньевич и др.;На складе;2606;3723;30
Программирование на Rust. Официальный гайд;Клабник Стив, Николс Кэрол;На складе;2703;3465;22
Проектирование информационных систем. Учебное пособие;Коваленко Владимир Васильевич;На складе;2395;3422;30
Профессиональный TypeScript. Разработка масштабируемых JavaScript-приложений;Черный Борис;На складе;1345;1724;22
Подробное руководство по DAX: бизнес-аналитика с Microsoft Power Bl, SQL Server Analysis Services;Феррари Альберто, Руссо Марко;На складе;2855;4079;30
Хаос-инжиниринг;Розенталь Кейси, Джонс Нора;На складе;1428;2040;30
Цифровая обработка сигналов на системном уровне с использованием LabVIEW;Кехтарнаваз Насер, Ким Намджин;На складе;1285;1835;30
Дискретная оптимизация. Модели, методы, алгоритмы решения прикладных задач;Струченков Валерий Иванович;На складе;532;760;30
Базы данных. Учебник;Кумскова Ирина Александровна;На складе;1247;1781;30
Спортивное программирование;Халим Стивен, Халим Феникс;На складе;1999;2855;30
Django 3.0. Практика создания веб-сайтов на Python;Дронов Владимир Александрович;На складе;1027;1467;30
Python и наука о данных для чайников;Мюллер Джон Пол, Массарон Лука;На складе;1453;2075;30
Криптография - наука о тайнописи. Учебное пособие;Фомичев Владимир Михайлович;На складе;466;665;30
Искусство тестирования программ;Сандлер Кори и др.;Ограничено;2419;3456;30
Введение в гибридные технологии разработки мобильных приложений. Учебное пособие;Васильев Николай Павлович, Заяц Анатолий Моисеевич;На складе;1967;2810;30
Прикладное программирование. Учебное пособие;Никифоров Сергей Николаевич;Ограничено;688;983;30
Python для программирования криптовалют;Сонг Джимми;На складе;3025;4322;30
Прикладное машинное обучение без учителя с использованием Python;Пател Анкур;На складе;2419;3456;30
Алгоритмы оптимизации;Кохендерфер Майкл, Уилер Тим;На складе;3630;5186;30
Мифический человеко-месяц, или Как создаются программные системы;Брукс Фредерик;На складе;1353;1735;22
Разработка приложений на С++ с использованием Boost. Рецепты, упрощающие разработку вашего приложени;Полухин Антон;На складе;1428;2040;30
JavaScript. 20 уроков для начинающих;Дронов Владимир Александрович;На складе;692;988;30
PHP и MySQL. 25 уроков для начинающих;Дронов Владимир Александрович;На складе;794;1134;30
Программирование для Android;Колисниченко Денис Николаевич;На складе;519;741;30
Ловушка для багов. Полевое руководство по веб-хакингу;Яворски Питер;На складе;1345;1724;22
Программирование квантовых компьютеров. Базовые алгоритмы и примеры кода;Химено-Сеговиа Мерседес и др.;На складе;1357;1740;22
Site Reliability Workbook. Практическое применение;Бейер Бетси и др.;На складе;2172;2785;22
Разработка и реализац.портальн.решений: Практикум;Лукьянов Павел Борисович, Маркова Светлана Владимировна;На складе;642;917;30
Транспортная логистика (линейное программирование). Учебное пособие;Пашков Николай Николаевич;На складе;806;1152;30
Автоматизация рутинных задач с помощью Python. Практическое руководство для начинающих;Свейгарт Эл;На складе;2419;3456;30
Генетические алгоритмы на Python;Вирсански Эйял;На складе;1428;2040;30
C#. Основы программирования. Учебное пособие;Тюкачев Николай Аркадьевич, Хлебостроев Виктор Григорьевич;На складе;2167;3096;30
Kotlin. Программирование на примерах;Аделекан Ияну;На складе;953;1361;30
Взлом. Приемы, трюки и секреты хакеров;Комиссаров Иван aLLy и др.;На складе;585;835;30
HTML и CSS. 25 уроков для начинающих;Дронов Владимир Александрович;На складе;745;1064;30
Алгоритмы и программы. Язык С++. Учебное пособие;Конова Елена Александровна, Поллак Галина Андреевна;На складе;1294;1848;30
Основы объектно-ориентированного программирования на базе языка С#. Учебное пособие;Залогова Любовь Алексеевна;Ограничено;835;1193;30
Обработка естественного языка в действии;Хобсон Лейн и др.;На складе;2309;2960;22
Golang для профи. Работа с сетью, многопоточность, структуры данных и машинное обучение с Go;Цукалос Михалис;На складе;3503;4491;22
Программируем с PyTorch. Создание приложений глубокого обучения;Пойтнер Ян;На складе;1357;1740;22
Эффективный TypeScript. 62 способа улучшить код;Вандеркам Дэн;На складе;1357;1740;22
Istio. Приступаем к работе;Калькот Ли, Бутчер Зак;На складе;1428;2040;30
Апокалипсис криптографии. Подготовка к криптовалютным вычислениям;Граймс Роджер А.;На складе;1285;1835;30
Проектирование веб-API;Лоре Арно;На складе;1428;2040;30
Игра в цифры. Как аналитика позволяет видеоиграм жить лучше;Сабиров Василий Константинович;На складе;1026;1316;22
Мобильные роботы на базе ESP32 в среде Arduino IDE;Момот Михаил Викторович;На складе;592;845;30
Принципы разработки программных пакетов. Проектирование повторно используемых компонентов;Нобак Маттиас;На складе;1285;1835;30
Программирование на VBA в Excel 2019. Самоучитель;Комолова Нина Владимировна, Клименко А. В.;На складе;663;947;30
Програмирование микроконтроллеров AVR. От Arduino к ассемблеру;Ревич Юрий Всеволодович;На складе;713;1019;30
Глубокое обучение в картинках. Визуальный гид по искусственному интеллекту;Крон Джон и др.;На складе;1345;1724;22
Глубокое обучение с подкреплением. AlphaGo и другие технологии;Лапань Максим;На складе;2132;2733;22
Чистый Agile. Основы гибкости;Мартин Роберт С.;На складе;1357;1740;22
Spring Boot 2. Лучшие практики для профессионалов;Гутьеррес Фелипе;На складе;2154;2762;22
Python. Искусственный интеллект, большие данные и облачные вычисления;Дейтел Пол Дж., Дейтел Харви;На складе;2715;3481;22
Эволюционные нейросети на языке Python;Омельяненко Ярослав;На складе;1428;2040;30
Алгоритмы обучения с подкреплением на Python;Лонца Андреа;На складе;1428;2040;30
Цифровой синтез. Практический курс;Романов А. Ю. и др.;На складе;1856;2651;30
Системное программирование. Лабораторные работы. Учебное пособие;Жулабова Фатима Тахировна;На складе;1014;1448;30
Криптография и взлом шифров на Python;Свейгарт Эл;Ограничено;1814;2592;30
Машинное обучение. Карманный справочник. Краткое руководство по методам структурированного машинного;Харрисон Мэтт;Ограничено;969;1384;30
Программист-прагматик;Томас Дэвид, Хант Эндрю;На складе;2419;3456;30
Параллельное программирование на C++ с помощью библиотеки TBB;Восс Майкл и др.;На складе;2141;3059;30
Предметно-ориентированное проектирование в Enterprise Java;Наир Виджей;На складе;1428;2040;30
Генеративное глубокое обучение. Творческий потенциал нейронных сетей;Фостер Дэвид;На складе;1800;2308;22
Анализ данных при помощи Microsoft Power BI и Power Pivot для Excel;Феррари Альберто, Руссо Марко;На складе;1428;2040;30
Распределенные системы реального времени. Теория и практика;Эрджиес Кайхан;На складе;1713;2447;30
Программирование на Python. Базовый курс;Седжвик Роберт и др.;Ограничено;1814;2592;30
Нативная разработка мобильных приложений. Перекрестный справочник для iOS и Android;Льюис Шон, Данн Майк;На складе;1428;2040;30
Паттерны объектно-ориентированного проектирования;Гамма Э. и др.;На складе;818;1049;22
Применение пакета MATLAB и SIMULINK для анализа электрических цепей. Том 1;Фриск Валерий Владимирович и др.;На складе;857;1224;30
Управление памятью в .NET для профессионалов;Кокоса Конрад;На складе;2713;3876;30
Terraform. Инфраструктура на уровне кода;Брикман Евгений;На складе;1530;1961;22
Языки программирования и методы трансляции. Учебное пособие;Свердлов Сергей Залманович;На складе;2710;3872;30
Исследование операций и методы оптимизации. Учебное пособие;Болотский Александр Владимирович, Кочеткова Ольга Анатольевна;На складе;472;674;30
Веб-компоненты в действии;Фаррелл Бен;На складе;1570;2243;30
Машинное обучение на R: экспертные техники для прогностического анализа;Ланц Бретт;На складе;2303;2953;22
Head First. Изучаем Go;Макгаврен Джей;На складе;2443;3132;22
Глубокое обучение. Погружение в мир нейронных сетей;Николенко С. и др.;На складе;987;1265;22
Архитектура компьютерных систем. Курс лекций. Учебное пособие;Белугина Светлана Викторовна;Ограничено;974;1392;30
Разработка программных модулей программного обеспечения для компьютерных систем. Прикладное програм.;Белугина Светлана Викторовна;Ограничено;1805;2578;30
Основы программирования информационного контента. Учебное пособие;Быкадорова Елена Анатольевна, Синявская Оксана Николаевна;На складе;594;849;30
Численные методы. Учебник;Слабнов Виктор Дмитриевич;На складе;2504;3577;30
Введение в глубокое обучение;Черняк Евгений;На складе;969;1384;30
Язык C. Самое необходимое;Прохоренок Николай Анатольевич;На складе;692;988;30
Машинное обучение без лишних слов;Бурков Андрей;На складе;1101;1412;22
Легкий способ выучить Python 3 еще глубже;Шоу Зед А.;На складе;707;906;22
Практикум по численным методам в вычислительных средах matlab и mathcad. Учебное пособие;Бастрон Алевтина Алексеевна, Охапкина Елена Павловна;На складе;498;712;30
Программирование на языке Пролог для задач искусственного интеллекта. Введение в логическое программ;Ефимова Елена Анатольевна;На складе;777;1110;30
Информационные системы и программирование. Специалист по информационным системам. Выпускная квалифик;Логачев Максим Сергеевич;На складе;3557;5081;30
Совершенный алгоритм. Жадные алгоритмы и динамическое программирование;Рафгарден Тим;На складе;1196;1533;22
Паттерны Kubernetes. Шаблоны разработки собственных облачных приложений;Ибрам Билджин, Хасс Роланд;На складе;1357;1740;22
SCALA для нетерпеливых;Хостманн Кей;На складе;1070;1529;30
Обучение с подкреплением;Саттон Ричард С., Барто Эндрю Г.;На складе;2713;3876;30
Рекомендательные системы на практике;Фальк Ким;На складе;1428;2040;30
Flutter на практике. Прокачиваем навыки мобильной разработки с помощью открыт. фреймворка от Googlе;Заметти Франк;На складе;1285;1835;30
Машинное обучение для алгоритмической торговли на финансовых рынках. Практикум;Янсен Стефан;На складе;1271;1815;30
Java Concurrency на практике;Гетц Брайан и др.;На складе;1345;1724;22
Kubernetes для DevOps: развертывание, запуск и масштабирование в облаке;Арундел Джон, Домингус Джастин;На складе;1902;2438;22
C# 8.0. Карманный справочник;Албахари Джозеф, Албахари Бен;На складе;969;1384;30
Введение в информационный поиск;Маннинг Кристофер Д. и др.;На складе;3630;5186;30
Нейронные сети и глубокое обучение. Учебный курс;Аггарвал Чару;На складе;3025;4322;30
Разработка веб-приложений с помощью Node.js, MongoDB и Angular. Исчерпывающее руководство;Дейли Брэд и др.;На складе;2419;3456;30
Разработка игр на Unity 2018 за 24 часа;Гейг Майк;На складе;1314;1685;22
R. Книга рецептов. Проверенные рецепты для статистики, анализа и визуализации;Лонг Дж. Д., Титор Пол;На складе;2284;3263;30
Графовые алгоритмы. Практическая реализация на платформах  Apache Spark и Neo4j;Нидхем Марк, Ходлер Эми;На складе;1428;2040;30
Функциональное программирование на С++. Как сделать свои программы изящными с помощью технологии фун;Чукич Иван;На складе;1428;2040;30
Теория автоматического управления (с использованием MATLAB-SIMULINK). Практикум. Учебное пособие;Пащенко Федор Федорович и др.;На складе;1530;2186;30
Python. Непрерывная интеграция и доставка;Ленц Мориц;На складе;789;1127;30
Изучаем Python. Программирование игр, визуализация данных, веб-приложения;Мэтиз Эрик;На складе;1304;1672;22
Программирование GPU при помощи Python и CUDA. Исследуйте высокопроизводительные параллельные вычисл;Тоуманнен Бриан;На складе;1285;1835;30
Объектно-ориентированный подход;Вайсфельд Мэтт;На складе;1019;1307;22
Разработка с использованием квантовых компьютеров;Силва Владимир;На складе;1630;2090;22
C++. Практика многопоточного программирования;Уильямс Энтони;На складе;1950;2500;22
Laravel. Полное руководство;Стаффер Мэтт;На складе;1685;2160;22
Java. Библиотека профессионала. Том 2. Расширенные средства программирования;Хорстманн Кей С.;На складе;3025;4322;30
Изучаем Python. Том 2;Лутц Марк;На складе;3025;4322;30
Программирование логических контроллеров. Учебное пособие;Иванов Виктор Никитович;На складе;977;1395;30
Волшебство Kotlin;Симон Пьер-Ив;На складе;1713;2447;30
Методы и алгоритмы решения прикладных задач дискретной оптимизации. Учебное пособие;Карпов Дмитрий Анатольевич, Струченков Валерий Иванович;На складе;510;729;30
Обработка естественного языка с TensorFlow;Ганегедара Тушан;На складе;1713;2447;30
С/С++ Процедурное программирование;Полубенцева М. И.;На складе;921;1316;30
Информационные системы и программирование. Администратор баз данных. Учебник;Логачев Максим Сергеевич;На складе;2722;3888;30
Программное обеспечение компьютерных сетей. Учебное пособие;Исаченко Олег Вячеславович;На складе;1089;1556;30
Моделирование химико-технологических процессов. Принципы применения пакетов компютерн. математики;Гартман Томаш Николаевич, Клушин Дмитрий Витальевич;На складе;2720;3885;30
Клиентские технологии веб-программирования: JavaScript и DOM;Диков Андрей Валентинович;На складе;1127;1610;30
Основы глубокого обучения. Создание алгоритмов для искусственного интеллекта следующего поколения;Будума Нихиль;На складе;1452;1862;22
Алгоритмы. Вводный курс;Кормен Томас;На складе;731;1044;30
DevOps для современного предприятия;Херинг Мирко;На складе;999;1427;30
Программирование встроенных систем на С++ 17. Создание универсальных и надежных встроенных решений;Пошевай Майа;На складе;1428;2040;30
ELIXIR в действии;Юрич Саша;На складе;1713;2447;30
Глубокое обучение для поисковых систем;Теофили Томмазо;На складе;1428;2040;30
Введение в программирование на языке Visual Basic for Applications (VBA). Учебное пособие;Гуриков Сергей Ростиславович;На складе;2359;3370;30
HTML и CSS. Разработка и дизайн веб-сайтов;Дакетт Джон;На складе;1397;1791;22
Байесовский анализ на Python;Мартин Освальдо;На складе;1285;1835;30
Состязательные сети. Проекты;Ахирвар Кайлаш;На складе;1285;1835;30
Прикладное глубокое обучение. Подход к пониманию глубоких нейронных сетей на основе метода кейсов;Микелуччи Умберто;На складе;745;1064;30
JavaFX;Прохоренок Николай Анатольевич;На складе;1165;1664;30
Основы программирования на языке С. Учебное пособие;Дорогов Виктор Георгиевич, Дорогова Екатерина Георгиевна;На складе;1397;1996;30
Программирование на языке Си. Учебное пособие;Кузин Александр Владимирович, Чумакова Екатерина Витальевна;На складе;1161;1659;30
Разработка мобильных приложений на C# для iOS и Android;Черников Вячеслав;На складе;1142;1631;30
JavaScript для профессионалов;Резиг Джон и др.;Ограничено;1210;1728;30
C. Полное руководство. Классическое издание;Шилдт Герберт;Ожидается;3456;3456;0
NGINX. Книга рецептов. Продвинутые рецепты высокопроизводительной   балансировки нагрузки;Де Йонге Дерек;На складе;856;1223;30
Как стать хакером;Притяну Эдриан;На складе;1285;1835;30
Шаблоны проектирования для облачной среды;Дэвис Корнелия;На складе;1428;2040;30
SQL для чайников;Тейлор Аллен Дж.;На складе;1453;2075;30
Введение в архитектуру программного обеспечения. Учебное пособие;Гагарина Лариса Геннадьевна и др.;На складе;1978;2826;30
Библия C#;Фленов Михаил Евгеньевич;На складе;674;963;30
Архитекторы интеллекта. Вся правда об искусственном интеллекте от его создателей;Форд Мартин;На складе;988;1267;22
Глубокое обучение и игра в го;Памперла Макс, Фергюсон Кевин;На складе;1856;2651;30
Разработка игр на Unreal Engine 4 за 24 часа;Куксон Арам и др.;На складе;1643;2107;22
Основы объектно-ориентированного программирования на базе языка С#. Учебное пособие;Залогова Любовь Алексеевна;На складе;1100;1572;30
Квантовые вычисления для настоящих айтишников;Бернхард Крис;На складе;963;1235;22
Знакомство с PyTorch: глубокое обучение при обработке естественного языка;Макмахан Брайан, Рао Делип;На складе;1083;1389;22
Разработка требований к программному обеспечению;Вигерс Карл, Битти Джой;На складе;1058;1512;30
1400 задач по программированию;Златопольский Дмитрий Михайлович;На складе;438;626;30
Бессерверные приложения на JavaScipt;Стоянович Слободан, Симович Александар;На складе;1356;1937;30
Head First. Kotlin;Гриффитс Дэвид, Гриффитс Дон;На складе;1618;2074;22
Алгоритмы и программы. Язык С++. Учебное пособие;Конова Елена Александровна, Поллак Галина Андреевна;Ограничено;1726;2465;30
Программирование в среде Delphi. Создание проектов. Учебное пособие;Саблукова Наталья Геннадьевна;Ограничено;311;444;30
Программирование в среде Delphi. Основные команды. Первые проекты;Саблукова Наталья Геннадьевна;Ограничено;483;690;30
Основы алгоритмизации и программирования на языке Microsoft Visual Basic. Учебное пособие;Гуриков Сергей Ростиславович;На складе;3611;5159;30
MATLAB 6.5 SP1/7/7 SP1/7 SP2 + Simulink 5/6. Инструменты искусственного интеллекта и биоинформатики;Дьяконов Владимир Павлович, Круглов Владимир Васильевич;На складе;1271;1816;30
Компьютерный анализ и моделирование электрических цепей переменного тока в среде MATLAB;;На складе;281;401;30
Компьютерный анализ и моделирование электрических цепей переменного тока в среде MATLAB;;На складе;393;561;30
Компьютерный анализ и моделирование электрических цепей постоянного тока в среде MATLAB;;Ограничено;189;270;30
VHDL. Справочное пособие по основам языка;Бабак В. П. и др.;На складе;717;1024;30
Компьютерный анализ и моделирование электрических цепей постоянного тока в среде MATLAB;;На складе;393;561;30
Компьютерный анализ четырехполюсников с помощью MATLAB;;На складе;610;872;30
Компьютерный анализ четырехполюсников с помощью MATLAB;;На складе;248;354;30
Компьютерный спектральный анализ сигналов с помощью MATLAB;;На складе;585;835;30
Компьютерный спектральный анализ сигналов с помощью MATLAB;;На складе;232;332;30
Непрерывное развитие API. Правильные решения в изменчивом технологическом ландшафте;Меджуи Мехди и др.;На складе;2024;2595;22
Глубокое обучение в биологии и медицине;Рамсундар Бхарат и др.;На складе;999;1427;30
Современный язык Java. Лямбда-выражения, потоки и функциональное программирование;Урма Рауль-Габриэль и др.;На складе;1815;2327;22
Программирование на языке высокого уровня. Программирование на языке Object Pascal. Учебное пособие;Немцова Тамара Игоревна и др.;На складе;3067;4381;30
Управление качеством программного обеспечения. Учебник;Черников Борис Васильевич;На складе;1488;2126;30
Математическое программирование. Учебное пособие;Ржевский Сергей Владимирович;На складе;2504;3577;30
Практика нейросетевого моделирования. Учебное пособие;Хливненко Любовь Владимировна, Пятакович Феликс Андреевич;Ограничено;1642;2346;30
Python и анализ данных;Маккини Уэс;На складе;1856;2651;30
Алгоритмы эволюционной оптимизации;Саймон Дэн;На складе;2855;4079;30
Прикладные задачи оптимизации. Модели, методы, алгоритмы;Струченков Валерий Иванович;На складе;650;928;30
C#. Программирование 2D и 3D векторной графики (+CD);Тюкачев Николай Аркадьевич, Хлебостроев Виктор Григорьевич;На складе;1933;2762;30
Клиентские технологии веб-дизайна. HTML5 и CSS3. Учебное пособие;Диков Андрей Валентинович;На складе;1322;1889;30
Технология разработки программного обеспечения. Учебное пособие;Зубкова Татьяна Михайловна;На складе;2087;2982;30
C++ за 21 день;Рао Сиддхартха;Ограничено;1814;2592;30
Рефакторинг с использованием шаблонов;Кериевски Джошуа;Ограничено;2668;3811;30
Docker на практике;Миллан Иан, Сейерс Эйдан Хобсон;На складе;1999;2855;30
Swift подробно;Чейрд Инт Вейн;На складе;1999;2855;30
Линейная алгебра и линейное программирование для экономистов. Учебник;Швед Евгений Вадимович и др.;На складе;960;1371;30
Java. Справочник разработчика;Эванс Бенджамин, Флэнаган Дэвид;На складе;2419;3456;30
Оптимизация программ на C++. Проверенные методы повышения производительности;Гантерот Курт;На складе;1814;2592;30
Компьютерное моделирование полупроводниковых систем в MatLab 6.0. Учебное пособие;Герман-Галкин Сергей Германович;На складе;361;516;30
Самоучитель Ruby;Симдянов Игорь Вячеславович;На складе;1006;1437;30
Блокчейн. Руководство для начинающих разработчиков;Сингхал Бикрамадитья и др.;На складе;592;845;30
PHP глазами хакера;Фленов Михаил Евгеньевич;На складе;487;695;30
Идиомы и паттерны проектирования в современном С++;Пикус Федор Г.;На складе;1570;2243;30
Основы тестирования и верификации программного обеспечения;Старолетов Сергей Михайлович;На складе;2295;3279;30
Изучаем Python. Том 1;Лутц Марк;На складе;3025;4322;30
Рефакторинг кода на JavaScript. Улучшение проекта существующего кода;Фаулер Мартин;На складе;2419;3456;30
Data mining. Извлечение информации из Facebook, Twitter, LinkedIn, Instagram, GitHub;Рассел Мэтью, Классен Михаил;На складе;1395;1789;22
Путь Python. Черный пояс по разработке, масштабированию, тестированию и развертыванию;Данжу Джульен;На складе;1026;1315;22
Безопасный DevOps. Эффективная эксплуатация систем;Вехен Джульен;На складе;1482;1900;22
Язык программирования Python: практикум. Учебное пособие;Жуков Роман Александрович;Ограничено;1343;1919;30
Машинное обучение и безопасность. Защита систем с помощью данных и алгоритмов;Чио Кларенс, Фримэн Дэвид;На складе;1356;1937;30
Разработка интеллектуальных систем. Введение в технологию машинного обучения;Хултен Джефф;На складе;1285;1835;30
Язык программирования С++. Специальное издание;Страуструп Бьерн;На складе;1378;1968;30
Теория вероятностей и математическая статистика в среде MATLAB. Учебное пособие;Алибеков Игорь Юсупович;Ограничено;1355;1936;30
Экстремальное программирование. Разработка через тестирование;Бек Кент;На складе;955;1224;22
Объектно-ориентированное программирование с примерами на C#. Учебное пособие;Хорев Павел Борисович;На складе;1615;2307;30
Применение пакета MATLAB для анализа резонансных явлений в электрических цепях. Учебно-мет. пособие;;На складе;281;401;30
Применение пакета MATLAB для анализа резонансных явлений в электрических цепях. Учебно-мет. пособие;;На складе;532;760;30
Программирование. Сборник задач. Учебное пособие;Архипов Олег Григорьевич и др.;Ограничено;1252;1789;30
Python. Книга Рецептов;Бизли Дэвид, Джонс Брайан К.;На складе;2284;3263;30
Глубокое обучение с подкреплением на Python. OpenAI Gym и TensorFlow для профи;Равичандиран Судхарсан;На складе;1173;1504;22
Основы Java;Прохоренок Николай Анатольевич;На складе;1058;1512;30
Машинное обучение с использованием Python. Сборник рецептов;Элбон Крис;На складе;713;1019;30
Грокаем глубокое обучение;Траск Эндрю;На складе;950;1218;22
Практика реактивного программирования в SPRING 5;Докука Олег, Лозинский Игорь;На складе;2141;3059;30
Как программировать на С;Дейтел Харви, Дейтел Пол Дж.;На складе;1306;1866;30
Нейросетевые методы в обработке естественного языка;Гольдберг Йоав;На складе;1713;2447;30
Практическая энциклопедия Arduino;Петин Виктор Александрович, Биняковский Александр Анатольевич;На складе;717;1024;30
Предиктивное моделирование на практике;Кун Макс, Джонсон Кьелл;На складе;2161;2771;22
Микросервисы. Паттерны разработки и рефакторинга;Ричардсон Крис;На складе;1683;2158;22
Выразительный JavaScript. Современное веб-программирование;Хавербеке Марейн;На складе;1739;2230;22
Системы счисления, алгоритмизация и программирование. Учебное пособие;Игнашева Елена Петровна;На складе;1488;2126;30
Практическое введение в программную инженерию. Учебное пособие;Волк Владимир Константинович;Ограничено;1203;1719;30
Проектирование цифровых устройств на ПЛИС. Учебное пособие;Ушенина Инна Владимировна;Ограничено;1892;2703;30
HTML5 и CSS3 для чайников;Титтел Эд, Минник Крис;Ограничено;1210;1728;30
Введение в технологии контейнеров и Kubernetes;Маркелов Андрей Александрович;На складе;856;1223;30
Логическое проектирование и верификация систем на SystemVerilog;Дональд Томас;На складе;1428;2040;30
C# для чайников;Мюллер Джон Пол и др.;На складе;1210;1728;30
Глубокое обучение. Готовые решения;Осинга Давид;На складе;969;1384;30
Изучаем TypeScript 3;Розенталс Натан;На складе;1999;2855;30
Введение в веб-разработку на языке JavaScript. Учебное пособие;Государев Илья Борисович;Ограничено;1427;2038;30
Программирование компьютерной графики;Боресков Алексей Викторович;На складе;1213;1733;30
Высокопроизводительный код на платформе .NET;Уотсон Бен;На складе;1707;2189;22
Совершенный алгоритм. Графовые алгоритмы и структуры данных;Рафгарден Тим;На складе;1087;1394;22
{Вы не знаете JS} Асинхронная обработка и оптимизация;Симпсон Кайл;На складе;1047;1342;22
{Вы не знаете JS} Замыкания и объекты;Симпсон Кайл;На складе;1047;1342;22
{Вы не знаете JS} Типы и грамматические конструкции;Симпсон Кайл;На складе;952;1220;22
Основы теории вейвлетов. Вейвлеты в Matlab;Смоленцев Николай Константинович;На складе;1428;2040;30
Изучаем React;Чиннатамби Кирупа;На складе;1031;1322;22
Python для чайников;Мюллер Джон Пол;Ограничено;1210;1728;30
Введение в рекурсивное программирование;Рубио-Санчес Мануэль;На складе;1856;2651;30
Изучение сложных систем с помощью Python.;Дауни Аллен Б.;На складе;789;1127;30
Вероятностное программирование на Python. Байесовский вывод и алгоритмы;Дэвидсон-Пайлон Кэмерон;На складе;1523;1953;22
JavaScript для чайников;Минник Крис, Холланд Ева;На складе;1210;1728;30
Легкий способ выучить Python 3;Шоу Зед А.;На складе;707;906;22
Конкурентность и параллелизм на платформе .NET. Паттерны эффективного проектирования;Террелл Рикардо;На складе;1983;2542;22
Jenkins 2. Приступаем к работе. Создайте свой конвейер развертывания для автоматизации следующего п.;Ластер Брент;На складе;1999;2855;30
Реактивное программирование на С++. Проектирование параллельных и асинхронных приложений с использов;Пай Прасид, Абрахам Питер;На складе;1285;1835;30
Изображение квантовых процессов. Начальный курс квантовой теории и рассуждений на диаграммах;Коке Боб, Киссинждер Алекс;На складе;2855;4079;30
Unreal Engine VR для разработчиков;Маккефри Митч;На складе;905;1160;22
Язык программирования Python. Практикум. Учебное пособие;Жуков Роман Александрович;Ограничено;1434;2048;30
Django 2 в примерах;Меле Антонио;На складе;1428;2040;30
Глубокое обучение без математики. Том 1. Основы;Гласснер Эндрю;На складе;2427;3467;30
Программирование в среде Lazarus. Учебное пособие;Гуриков Сергей Ростиславович;Ограничено;2323;3318;30
Введение в программную инженерию. Учебник;Антипов Владимир Анатольевич и др.;На складе;2050;2929;30
Программирование и основы алгоритмизации.Теоретические основы и примеры реализации численных методов;Затонский Андрей Владимирович, Бильфельд Николай Валентинович;На складе;1044;1491;30
Программное обеспечение компьютерных сетей и web-серверов. Учебное пособие;Лисьев Григорий Авенирович и др.;На складе;907;1296;30
Технологии параллельного программирования. Учебное пособие;Лупин Сергей Андреевич, Посыпкин Михаил Анатольевич;На складе;1280;1828;30
Глубокое обучение и TensorFlow для профессионалов. Математический подход к построению систем;Паттанаяк Сантану;На складе;1814;2592;30
Введение в анализ алгоритмов;Солтис Майкл;На складе;1285;1835;30
Наш код. Ремесло, профессия, искусство;Бугаенко Егор;На складе;831;1065;22
Практикум по решению задач на ЭВМ в среде Delphi. Учебное пособие;Бунаков Павел Юрьевич, Лопатин А. К.;На складе;2304;3292;30
Анализ вредоносных программ;Монаппа К. А.;На складе;1428;2040;30
Стандарты программирования на С++. 101 правило и рекомендация;Саттер Герб, Александреску Андрей;Ограничено;1334;1906;30
Java. Библиотека профессионала. Том 1. Основы;Хорстманн Кей С.;На складе;3025;4322;30
JavaScript. Карманный справочник;Флэнаган Дэвид;На складе;935;1335;30
Искусство программирования. Том 3. Сортировка и поиск;Кнут Дональд Эрвин;На складе;4235;6050;30
Применение UML 2.0 и шаблонов проектирования;Ларман Крэг;На складе;4668;6669;30
Программирование на Javascript для чайников;Минник Крис, Холланд Ева;На складе;1210;1728;30
Язык программирования C++. Краткий курс;Страуструп Бьярне;На складе;1210;1728;30
Численные методы и программирование. Учебное пособие;Колдаев Виктор Дмитриевич;На складе;2087;2981;30
Kafka Streams в действии. Приложения и микросервисы для работы в реальном времени;Беджек Билл;На складе;1776;2277;22
Микросервисы и контейнеры Docker;Кочер Парминдер Сингх;На складе;1285;1835;30
Биометрическая защита. Обзор технологии;Суомалайнен Антти;На складе;232;331;30
Легкий способ выучить Java;Пейн Брайсон;На складе;812;1041;22
Программирование в Erlang;Томпсон Саймон, Чезарини Франческо;На складе;999;1427;30
Искусственный интеллект для чайников;Мюллер Джон Пол, Массарон Лука;На складе;1210;1728;30
GraphQL. Язык запросов для современных веб-приложений;Бэнкс Алекс, Порселло Ева;На складе;901;1155;22
Современные технологии программирования. Разработка Windows-приложений на языке С#. Учебник. Том 2;Горелов Сергей Витальевич;На складе;1180;1685;30
Компьютерное зрение. Теория и алгоритмы;Клетте Рейнхард;На складе;2427;3467;30
Java. Оптимизация программ. Практические методы повышения производительности приложений в JVM;Эванс Бенджамин и др.;На складе;1814;2592;30
Vue.js в действии;Хэнчетт Эрик, Листоун Бенджамин;На складе;1355;1737;22
Искусство программирования на R. Погружение в большие данные;Мэтлофф Норман;На складе;1185;1519;22
Базовые средства программирования на Visual Basic в среде VisualStudio Net. Практикум. Учебное пособ;Шакин Виктор Николаевич;Ограничено;1978;2826;30
Алгоритмизация и программирование. Практикум. Учебное пособие;Андрианова Анастасия Александровна и др.;Ограничено;1517;2167;30
Структуры и алгоритмы обработки данных. Линейные структуры. Учебное пособие;Апанасевич Сергей Александрович;На складе;1184;1691;30
Самоучитель игры на Паскале. ABC и немного Турбо;Комлев Николай Юрьевич;На складе;559;860;35
Алгоритмические трюки для программистов;Уоррен Генри С.;На складе;1814;2592;30
Unity и C#. Геймдев от идеи до реализации;Бонд Джереми Гибсон;На складе;2553;3273;22
PostgreSQL 11. Мастерство разработки;Шениг Ганс-Юрген;На складе;1428;2040;30
Распределенные системы. Паттерны проектирования;Бернс Брендан;На складе;979;1255;22
Django 2.1. Практика создания веб-сайтов на Python;Дронов Владимир Александрович;На складе;1011;1444;30
Искусственный интеллект. Современный подход;Рассел Стюарт, Норвиг Питер;Ограничено;7258;10368;30
TensorFlow для глубокого обучения;Рамсундар Бхарат, Заде Реза Босаг;На складе;631;902;30
Разработка АСУТП в среде WinCC. Учебное пособие;Иванов Виктор Эдуардович, Чье Ен Ун;На складе;1628;2326;30
Автоматизация программируемых сетей;Эделман Джейсон и др.;На складе;2141;3059;30
Пользовательские истории. Искусство гибкой разработки ПО;Паттон Джефф;На складе;1027;1317;22
"Разработка бизнес-приложений на платформе ""1С:Предприятие"". Учебное пособие";Дадян Эдуард Григорьевич;На складе;2050;2929;30
Базовые средства программирования на Visual Basic в среде VisualStudio .NET. Учебное пособие;Шакин Виктор Николаевич;На складе;2304;3292;30
Прикладная обработка биомедицинских изображений в среде MATLAB. Учебное пособие;Федотов Александр Александрович;На складе;594;849;30
Изучаем HTML, XHTML и CSS;Робсон Элизабет, Фримен Эрик;На складе;2172;2785;22
Изучаем pandas;Хейдт Майкл, Груздев Артем Владимирович;На складе;2427;3467;30
Умные мобильные проекты с TensorFlow;Танг Джефф;На складе;1428;2040;30
Алгоритмы на Java;Седжвик Роберт, Уэйн Кевин;На складе;5335;7622;30
C++. Полное руководство. Классическое издание;Шилдт Герберт;На складе;3025;4322;30
Spring 5 для профессионалов;Шефер Крис и др.;На складе;4840;6914;30
Искусственный интеллект с примерами на Python. Создание приложений искусственного интеллекта;Джоши Пратик;На складе;2419;3456;30
Основы машинного обучения для аналитического прогнозирования. Алгоритмы, рабочие примеры;Келлехер Джон Д. и др.;Ограничено;3025;4322;30
Разработка SCADA-систем. Учебное пособие;Кангин Владимир Венедиктович и др.;На складе;1787;2553;30
Язык и среда программирования R. Учебное пособие;Золотарюк Анатолий Васильевич;На складе;1016;1452;30
Прагматичный ИИ. Машинное обучение и облачные технологии;Гифт Ной;На складе;1349;1730;22
Язык программирования С++ (стандарт С++11). Краткий курс;Страуструп Бьерн;На складе;442;631;30
Самоучитель системного администратора;Кенин Александр Михайлович;На складе;794;1134;30
Внедрение Splunk 7;Миллер Джеймс;На складе;1856;2651;30
Машинное обучение и TensorFlow;Шакла Нишант;На складе;1297;1663;22
Spring. Все паттерны проектирования;Раджпут Динеш;Ограничено;1728;2216;22
Дискретная математика. Учимся программировать в Wolfram Mathematica;Фридман Григорий Морицович, Иванов О. А.;На складе;807;1035;22
Большие данные. Принципы и практика построения масштабируемых систем обработки данных в реальном вр.;Марц Натан, Уоррен Джеймс;На складе;1814;2592;30
Современные технологии программирования: разработка Windows-приложений на языке С#. Том 1;Горелов Сергей Витальевич;На складе;998;1426;30
Основы технологий баз данных. Учебное пособие;Новиков Борис Асенович, Горшкова Екатерина Александровна;На складе;856;1223;30
Mathematica 5/6/7. Полное руководство;Дьяконов Владимир Павлович;На складе;1285;1835;30
Git для профессионального программиста;Чакон Скотт, Страуб Бен;На складе;1233;1581;22
Простой Python просто с нуля;Гаско Рик;На складе;602;860;30
C++. Базовый курс;Шилдт Герберт;На складе;1814;2592;30
Linux. Карманный справочник;Граннеман Скотт;На складе;1210;1728;30
Управление программными проектами. Стандарты, модели;Ехлаков Юрий Поликарпович;На складе;1768;2526;30
Моделирование объектов управления в MatLab. Учебное пособие;Затонский Андрей Владимирович, Тугашова Лариса Геннадьевна;На складе;1252;1789;30
Основы алгоритмизации и программирования. Практикум. ФГОС;Серкова Екатерина Геннадьевна;На складе;459;589;22
Программирование на C# для начинающих. Особенности языка;Васильев Александр Николаевич;На складе;861;1104;22
Компиляторы. Принципы, технологии и инструментарий;Ахо Альфред В. и др.;На складе;6049;8642;30
Архитектура вычислительных систем и Ассемблер;Гагарина Лариса Геннадьевна, Кононова Александра Игоревна;На складе;767;1095;30
Delphi. Программирование в примерах и задачах. Практикум: Учебное пособие;Милорадов Константин Александрович, Эйдлина Галина Михайловна;На складе;748;1069;30
Delphi. Программирование в примерах и задачах. Практикум. Учебное пособие;Милорадов Константин Александрович, Эйдлина Галина Михайловна;На складе;853;1219;30
Web-аппликации в интернет-маркетинге. Проектирование, создание и применение. Практическое пособие;Винарский Яков Самуилович, Гутгарц Римма Давыдовна;На складе;1561;2230;30
Суперкомпьютерные вычисления: практический подход;Борзунов Сергей Викторович, Кургалин Сергей Дмитриевич;На складе;547;782;30
Java. Эффективное программирование;Блох Джошуа;На складе;2419;3456;30
Создаем динамические веб-сайты с помощью PHP, MySQL, JavaScript, CSS и HTML5;Никсон Робин;На складе;1617;2073;22
DevOps для ИТ-менеджеров;Скрынник Олег;На складе;928;1325;30
Kubernetes в действии;Лукша Марко;На складе;2141;3059;30
Смарт-карты и информационная безопасность;Мытник Константин Яковлевич, Панасенко Сергей Петрович;На складе;1428;2040;30
Эффективный и современный С++. 42 рекомендации по использованию C++11 и C++14;Мейерс Скотт;На складе;2419;3456;30
CSS. Карманный справочник;Мейер Эрик;На складе;731;1044;30
Пользовательские истории. Гибкая разработка программного обеспечения;Кон Майк;На складе;2419;3456;30
Паскаль для школьников. Учебное пособие;Попов В. Б.;На складе;2267;3487;35
Грокаем алгоритмы. Иллюстрированное пособие для программистов и любопытствующих;Бхаргава Адитья;На складе;820;1051;22
Архитектура компьютера;Таненбаум Эндрю, Остин Т.;На складе;1494;1915;22
Java. Руководство для начинающих;Шилдт Герберт;На складе;2419;3456;30
Алгоритмы. Построение и анализ;Кормен Томас и др.;На складе;6049;8642;30
Изучай Erlang во имя добра!;Хеберт Фред;На складе;1285;1835;30
Программируй на Haskell;Курт Уилл;На складе;1713;2447;30
"Конфигурирование и моделирование в системе ""1С: Предприятие"". Учебник";Дадян Эдуард Григорьевич;На складе;2577;3681;30
Алгоритмы на C++;Седжвик Роберт;На складе;3630;5186;30
Теоретический минимум по Big Data. Всё что нужно знать о больших данных;Ын Анналин, Су Кеннет;На складе;681;873;22
HTML, JavaScript, PHP и MySQL. Джентльм.наб. Изд.5;Дронов Владимир Александрович, Прохоренок Николай Анатольевич;На складе;1122;1603;30
Проекты с использованием контроллера Arduino;Петин Виктор Александрович;На складе;624;892;30
Основы программирования на языке Python;Златопольский Дмитрий Михайлович;На складе;579;827;30
Методы научных исследований в программной инженерии;Пантелеев Евгений Рафаилович;На складе;816;1166;30
Python. Экспресс-курс;Седер Наоми;На складе;1155;1481;22
Структуры данных в C#. Линейные и нелинейные динамические структуры. Учебное пособие;Симонова Елена Витальевна;На складе;1064;1520;30
Программируем на Python;Доусон Майкл;На складе;1087;1393;22
Искусство программирования. Том 4А. Комбинаторные алгоритмы. Часть 1;Кнут Дональд Эрвин;Ограничено;4840;6914;30
Практика программирования;Керниган Брайан, Пайк Роб;На складе;1210;1728;30
Введение в системы баз данных;Дейт К. Дж.;Ожидается;6050;6050;0
Unity в действии. Мультиплатформенная разработка на C#;Хокинг Джозеф;На складе;1155;1481;22
Решение задач на современном C++;Бансила Мариус;На складе;1142;1631;30
Философия Java;Эккель Брюс;На складе;1960;2513;22
Python для сложных задач. Наука о данных и машинное обучение;Плас Дж. Вандер;На складе;1513;1940;22
Python 3. Самое необходимое;Прохоренок Николай Анатольевич, Дронов Владимир Александрович;На складе;826;1180;30
Разработка программных приложений в среде BlackBox. Учебное пособие;Болотнов Анатолий Миронович;На складе;1058;1511;30
Технологии интеллектуального анализа данных. Учебное пособие;Макшанов Андрей Владимирович, Журавлев Антон Евгеньевич;На складе;1401;2001;30
Осваиваем C++17 STL. Используйте компоненты стандартной библиотеки в C++17 STL в полной мере;О`Двайр Артур;На складе;1428;2040;30
Начинаем программировать на Python;Гэддис Тони;На складе;1461;2087;30
Python 3 и PyQt 5. Разработка приложений. 2-е издание;Прохоренок Николай Анатольевич, Дронов Владимир Александрович;На складе;1122;1603;30
Язык программирования C;Керниган Брайан, Ритчи Деннис;На складе;1453;2075;30
Построение систем машинного обучения на языке Python;Коэльо Луис Педро, Ричарт Вилли;На складе;999;1427;30
Head First. Паттерны проектирования. Обновленное юбилейное издание;Фримен Эрик и др.;На складе;1494;1915;22
C# для профессионалов. Тонкости программирования;Скит Джон;На складе;3025;4322;30
Python. Карманный справочник;Лутц Марк;На складе;969;1384;30
Искусство программирования. Том 1. Основные алгоритмы;Кнут Дональд Эрвин;На складе;4235;6050;30
Шаблоны интеграции корпоративных приложений. Проектирование, создание и развертывание решений;Хоп Грегор, Вульф Бобби;На складе;4235;6050;30
Язык программирования C. Лекции и упражнения;Прата Стивен;Ожидается;5186;5186;0
C# 4.0. Полное руководство;Шилдт Герберт;На складе;3025;4322;30
Реализация методов предметно-ориентированного проектирования;Вернон Вон;На складе;4002;5717;30
Эффективное программирование на C++. Практическое программирование на примерах;Му Барбара Э., Кениг Эндрю;Ограничено;1602;2288;30
Веб-программирование для чайников;Никхил Абрахам;На складе;1345;1921;30
Язык программирования Go;Керниган Брайан, Донован Алан А. А.;Ограничено;1814;2592;30
PHP7 для начинающих с пошаговыми инструкциями;МакГрат Майк;На складе;568;728;22
Angular. Сборник рецептов;Фрисби Мэтт;Ограничено;1210;1728;30
Java. Полное руководство;Шилдт Герберт;На складе;4235;6050;30
Исследование операций;Таха Хемди А.;На складе;3630;5186;30
Компиляторы. Краткий справочник;Хантер Робин;Ограничено;802;1145;30
Структуры данных и алгоритмы;Ахо Альфред В. и др.;На складе;1453;2075;30
Язык программирования C# 7 и платформы .NET и .NET Core;Троелсен Эндрю, Джепикс Филипп;На складе;4840;6914;30
Шаблоны C++. Справочник разработчика;Вандевурд Дэвид и др.;На складе;3025;4322;30
Java Persistence API и Hibernate;Бауэр Кристиан и др.;На складе;1428;2040;30
Байесовские модели. Байесовская статистика на языке Python;Дауни Аллен Б.;На складе;928;1325;30
Разработка чат-ботов и разговорных интерфейсов;Джанарсанам Срини;На складе;1142;1631;30
CLR via C#. Программирование на платформе Microsoft .NET Framework 4.5 на языке C#. 4-е издание;Рихтер Джеффри;На складе;1779;2281;22
Ядро ORACLE. Внутреннее устройство для администраторо и разработчиков баз данных;Льюис Джонатан;На складе;1142;1631;30
Идеальный программист. Как стать профессионалом разработки ПО;Мартин Роберт С.;На складе;660;846;22
Apache Kafka. Потоковая обработка и анализ данных;Нархид Ния и др.;На складе;1375;1763;22
Site Reliability Engineering. Надежность и безотказность как в Google;Бейер Бетси и др.;На складе;1630;2090;22
Разработка игр и теория развлечений;Костер Рэф;На складе;1142;1631;30
Искусство создания сценариев в Unity;Торн Алан;На складе;1142;1631;30
Основы работы с технологией CUDA;Боресков Алексей Викторович, Харламов Александр Александрович;На складе;579;827;30
WebGL. Программирование трехмерной графики;Мацуда Коичи, Ли Роджер;На складе;1142;1631;30
Безопасность разработка в Agile-проектах;Белл Лаура и др.;На складе;1285;1835;30
Чистый Python. Тонкости программирования для профи;Бейдер Дэн;На складе;1168;1498;22
Теория измеримых множеств и мультимножеств;Петровский Алексей Борисович;Ограничено;804;1149;30
Совершенный код. Мастер-класс;Макконнелл Стив;На складе;1376;1966;30
Введение в распределенное моделирование в среде NetLogo;Ершов Николай Михайлович;На складе;1285;1835;30
Искусственный интеллект .NET. Речь, язык и поиск;Патак Нишит, Бхандари Анураг;На складе;1142;1631;30
Элегантный SciPy;Нуньес-Иглесиас Хуан и др.;На складе;1356;1937;30
Изучаем Java EE. Современное программирование для больших предприятий;Дашнер Себастьян;Ограничено;1110;1423;22
Стандартная библиотека Python 3. Справочник с примерами;Хеллман Даг;На складе;4235;6050;30
Олимпиадное программирование;Лааксонен Антти;На складе;1273;1818;30
Язык декларативного программирования XAML;Подбельский Вадим Валерьевич;Ограничено;1070;1529;30
Математика на Python. Часть 1. Элементы линейной алгебры;Александрова Ирина Александровна и др.;На складе;417;596;30
Облачные технологии поддержки решения задач анализа безубыточности. Монография;Смирнов Денис Евгеньевич;На складе;417;596;30
Прикладное программирование на С/С++: с нуля;Иванов Всеволод Борисович;На складе;724;1034;30
Программист-фанатик;Фаулер Чед;На складе;602;772;22
C# 7 и .NET Core. Кросс-платформенная разработка для профессионалов;Прайс Марк Дж.;На складе;1748;2241;22
Компьютерные вирусы и антивирусы: взгляд программиста;Климентьев Константин Евгеньевич;На складе;1142;1631;30
Практическая статистика для специалистов Data Science. 50 важнейших понятий;Брюс Питер, Брюс Эндрю;На складе;631;902;30
Прикладное программирование. Учебное пособие;Никифоров Сергей Николаевич;На складе;647;924;30
Программирование на C# для начинающих. Основные сведения;Васильев Алексей Николаевич;На складе;902;1157;22
Алгоритмы для чайников;Массарон Лука, Мюллер Джон Пол;Ограничено;1453;2075;30
Хакинг. Искусство эксплойта;Эриксон Джон;На складе;1563;2004;22
Глубокое обучение на Python;Шолле Франсуа;На складе;1060;1359;22
C# 7.0. Справочник. Полное описание языка;Албахари Джозеф, Албахари Бен;На складе;3025;4322;30
Java SE 9. Базовый курс;Хорстманн Кей С.;Ограничено;1814;2592;30
LabVIEW в научных исследованиях;Евдокимов Юрий Кириллович и др.;На складе;1070;1529;30
Python. Разработка на основе тестирования;Персиваль Гарри;На складе;2141;3059;30
Чистый код. Создание, анализ и рефакторинг;Мартин Роберт С.;На складе;718;921;22
Разработка одностраничных веб-приложений;Миковски Майкл С., Пауэлл Джош К.;На складе;1142;1631;30
Qt 5.10. Профессиональное программирование на C++;Шлее Макс;На складе;1376;1966;30
Теоретический минимум по Computer Science. Все что нужно программисту и разработчику;Феррейра Фило Владстон;На складе;682;874;22
Программирование искусственного интеллекта в приложениях;Джонс М. Тим;На складе;717;1024;30
Программирование на Ардуино. От простого к сложному;Мамичев Дмитрий Иванович;На складе;538;768;30
Запускаем Ansible;Хохштейн Лорин, Мозер Рене;На складе;1428;2040;30
Современный Java. Рецепты программирования;Коузен Кен;Ограничено;1142;1631;30
Сам себе программист. Как научиться программировать и устроиться в Ebay?;Альтхофф Кори;На складе;610;782;22
Программное обеспечение геодезии, фотограм, кадастра, инж.из.;Браверман Борис Аронович;На складе;928;1325;30
Собираем устройства для тестов на проникновение;Бирюков Андрей Александрович;На складе;1070;1529;30
Самоучитель PHP 7;Кузнецов Максим Валерьевич, Симдянов Игорь Вячеславович;На складе;508;725;30
Блокчейн. Разработка приложений;Прасти Нараян;На складе;461;658;30
Java. Карманный справочник;Лигуори Роберт, Лигуори Патрисия;На складе;969;1384;30
Чистая архитектура. Искусство разработки программного обеспечения;Мартин Роберт С.;На складе;887;1137;22
Объектно Ориентированное Программирование;Гаско Рик;На складе;626;894;30
Простая Математика для Простых Программистов;Гаско Рик;На складе;626;894;30
Простой учебник программирования;Гаско Рик;На складе;705;1007;30
Потоковая обработка данных. Конвейер реального времени;Пселтис Эндрю Дж.;На складе;999;1427;30
Java для чайников;Берд Барри;На складе;1453;2075;30
Психбольница в руках пациентов. Алан Купер об интерфейсах;Купер Алан;На складе;1209;1550;22
OpenCV и Java. Обработка изображений и компьютерное зрение;Прохоренок Николай Анатольевич;На складе;570;814;30
Высоконагруженные приложения. Программирование, масштабирование, поддержка;Клеппман Мартин;На складе;2344;3005;22
Глубокое обучение с точки зрения практика;Паттерсон Джош, Гибсон Адам;На складе;1856;2651;30
Думай как программист. Креативный подход к созданию кода. C++ версия;Спрол Антон;На складе;649;832;22
Релевантный поиск с использованием Elasticsearch и Solr;Тарнбулл Даг, Берримен Джон;На складе;1285;1835;30
Программирование на языке Rust. Цветное издание;Блэнди Джим, Орендорф Джейсон;На складе;2141;3059;30
Angular 4. Быстрая разработка сверхдинамичных Web-сайтов на TypeScript и PHP;Дронов Владимир Александрович;На складе;680;972;30
Алгоритмы для начинающих. Теория и практика для разработчика;Луридас Панос;На складе;944;1210;22
Реактивные шаблоны проектирования;Кун Роланд и др.;На складе;1143;1466;22
Язык С в XXI веке;Клеменс Бен;На складе;1070;1529;30
Android. Сборник рецептов. Задачи и решения для разработчиков приложений;Дарвин Ян Ф.;Ограничено;3025;4322;30
Язык R в задачах науки о данных. Импорт, подготовка, обработка, визуализация и моделирование данных;Уикем Хэдли, Гроулмунд Гарретт;На складе;3025;4322;30
Теория и практика делового общения для разработчиков программного обеспечения и IT-менеджеров;Абельская Раиса Шолемовна;На складе;221;316;30
Основы Data Science и Big Data. Python и наука о данных;Силен Дэви и др.;На складе;1321;1694;22
Интерфейс JNI. Руководство по программированию и спецификация;Шенг Лиэнг;На складе;789;1127;30
Анализ социальных медиа на Python;Бонцанини Марко;На складе;1142;1631;30
Глубокое обучение (цветная);Бенджио Иошуа и др.;На складе;2713;3876;30
Прямые и обратные задачи восстановления изображений, спектроскопии и томографии с MatLab (+CD);Сизиков Валерий Сергеевич;На складе;2548;3640;30
Наиболее эффективное программирование на C#. 50 способов улучшения кода;Вагнер Билл;Ограничено;1453;2075;30
Разработка операционной системы и компилятора. Проект Оберон;Вирт Никлаус, Гуткнехт Юрг;На складе;1142;1631;30
CodeVisionAVR. Пособие для начинающих;Лебедев Михаил Борисович;На складе;999;1427;30
Как написать безопасный код на С++, Java, Perl, PHP, ASP.NET;Ховард Майкл и др.;На складе;717;1024;30
Scala. Профессиональное программирование;Одерски Мартин и др.;На складе;2268;2908;22
Искусство алгоритмизации;Потопахин Виталий Валерьевич;На складе;789;1127;30
Java 9. Полный обзор нововведений;Кишори Шаран;На складе;1428;2040;30
Kotlin в действии;Жемеров Дмитрий Борисович, Исакова Светлана Сергеевна;На складе;1285;1835;30
Конкурентное программирование на Scala;Прокопец Александр;На складе;1213;1733;30
Крупномасштабное машинное обучение вместе с Python;Шарден Бастиан и др.;На складе;1142;1631;30
Программирование на Clojure;Эмерик Чаз и др.;На складе;1713;2447;30
C# 7.0. Карманный справочник. Скорая помощь для программистов на C# 7.0;Албахари Джозеф, Албахари Бен;На складе;969;1384;30
Адаптивный код. Гибкое кодирование с помощью паттернов проектирования и принципов SOLID;Холл Гэри Маклин;На складе;2419;3456;30
Секреты JavaScript ниндзя;Резиг Джон и др.;На складе;3025;4322;30
Курс программирования на языке Си. Учебник;Подбельский Вадим Валерьевич, Фомин Сергей Сергеевич;На складе;856;1223;30
СУБД для программиста. Базы данных изнутри;Тарасов Сергей Витальевич;На складе;790;1129;30
Объектно-ориентированное программирование в С++;Лафоре Роберт;На складе;1630;2090;22
Язык программирования C++. Базовый курс;Липпман Стенли Б. и др.;На складе;3630;5186;30
Машинное обучение с использованием библиотеки Н2О;Кук Даррен;На складе;1142;1631;30
Программирование. Принципы и практика с использованием C++;Страуструп Бьярне;На складе;4235;6050;30
Библиотека Keras - инструмент глубокого обучения;Джулли Антонио, Пал Суджит;На складе;1285;1835;30
Визуализация данных с помощью библиотеки D3.js 4.x;Рининсланд Эндрю, Свизек Теллер;На складе;999;1427;30
Шаблоны корпоративных приложений;Фаулер Мартин;На складе;3630;5186;30
Raspberry Pi. Сборник рецептов. Решение программных и аппаратных задач;Монк Саймон;На складе;1814;2592;30
JavaScript в примерах и задачах;;На складе;812;1041;22
Visual C# 2.0.NET. Полное руководство;Прайс Дебора, Гандэрлой Майк;На складе;648;925;30
Предметно-ориентированное проектирование (DDD). Структуризация сложных программных систем;Эванс Эрик;На складе;4840;6914;30
Язык программирования C++. Лекции и упражнения;Прата Стивен;На складе;3630;5186;30
C++ для чайников;Дэвис Стефан Рэнди;На складе;1210;1728;30
Практикум по параллельному программированию;Борзунов Сергей Викторович и др.;На складе;515;736;30
Программирование командных оболочек в Unix, Linux и OS X;Кочан Стефан, Вуд Патрик;На складе;2419;3456;30
Рефакторинг. Улучшение проекта существующего кода;Бек Кент и др.;На складе;2419;3456;30
Изучаем программирование на Python;Бэрри Пол;На складе;1232;1579;22
Семь баз данных за семь недель. Введение в современные базы данных и идеологию NoSQL;Редмонд Эрик, Уилсон Джим Р.;На складе;999;1427;30
Математическое программирование. Учебное пособие;Карманов Владимир Георгиевич;Ограничено;494;706;30
jQuery в действии;Бибо Беэр и др.;На складе;1120;1436;22
Шаблоны проектирования Node.JS;Касиаро Марио, Маммино Лучано;На складе;1213;1733;30
Разработка современных веб-приложений. Анализ предметных областей и технологий;Эспозито Дино;На складе;3025;4322;30
Vulkan. Руководство разработчика;Селлерс Грехем, Кессенич Джон;На складе;1356;1937;30
Основы программирования;Окулов Станислав Михайлович;На складе;531;758;30
Введение в машинное обучение с помощью Python. Руководство для специалистов по работе с данными;Мюллер Адреас П., Гвидо Сара;На складе;3630;5186;30
Машинное обучение;Бринк Хенрик и др.;На складе;1553;1991;22
Среда динамического моделирования технических систем SimInTech;Карташов Борис Александрович и др.;На складе;999;1427;30
Алгоритмы. Справочник с примерами на C, C++, Java и Python;Хайнеман Джордж и др.;На складе;2419;3456;30
Софт за 30 дней. Как Scrum делает невозможное возможным;Сазерленд Джефф, Швабер Кен;На складе;1156;1482;22
Delphi 2006. Справочное пособие. Язык Delphi, классы, функции Win32 и .NET.;Архангельский Алексей Яковлевич;На складе;673;961;30
Изучаем OpenCV 3;Кэлер Адриан, Брэдски Гэри;На складе;2570;3671;30
Семь языков за семь недель. Практическое руководство по изучению языков программирования;Тейт Брюс;На складе;928;1325;30
Принципы и методы создания надежного программного обеспечения АСУТП. Методическое пособие;Мякишев Дмитрий Владимирович;Ограничено;652;931;30
Flash MX для профессиональных программистов. Учебное пособие;Капустин Михаил Анатольевич и др.;Ограничено;402;574;30
Flash MX для профессиональных программистов. Учебное пособие;Капустин Михаил Анатольевич и др.;Ограничено;402;574;30
Программирование на Java для начинающих;Васильев Алексей Николаевич;На складе;812;1041;22
Javascript и jQuery. Интерактивная веб-разработка;Дакетт Джон;На складе;1726;2213;22
Предметно - ориентированное проектирование. Самое основное;Вернон Вон;На складе;1814;2592;30
Введение в Elixir. Введение в функциональное программирование;Сенлорен Симон, Эйзенберг Дэвид;На складе;999;1427;30
Моделирование аукционов;Демешев Борис Борисович;На складе;510;728;30
Как самому написать мобильную 2D-игру;Язев Юрий Евгеньевич;На складе;790;1129;30
Python и машинное обучение;Рашка Себастьян;На складе;1856;2651;30
Проектирование пользовательского интерфейса Android;Клифтон Ян;На складе;1428;2040;30
Программирование на C в примерах и задачах;Васильев Алексей Николаевич;На складе;902;1157;22
Прикладная криптография. Протоколы, алгоритмы и исходный код на C;Шнайер Брюс;На складе;5335;7622;30
ASP.NET Core MVC с примерами на C# для профессионалов;Фримен Адам;Ограничено;4235;6050;30
Стек, или Путешествие туда и обратно;Вторников Алексей Анатольевич;На складе;369;527;30
Программирование на Visual Basic для начинающих;МакГрат Майк;Ограничено;528;677;22
Разработка встроенных систем с помощью микроконтроллеров PIC. Принципы и практические примеры (+CD);Уилмсхерст Тим;Ограничено;1145;1636;30
Реактивное программирование с использованием RxJava;Нуркевич Томаш, Кристенсен Бен;На складе;1213;1733;30
Изучаем PHP 7. Руководство по созданию интерактивных веб-сайтов;Скляр Дэвид;На складе;1814;2592;30
Не заставляйте меня думать;Круг Стив;На складе;690;885;22
Go на практике;Батчер Мэтт, Фарина Мэтт;На складе;1142;1631;30
Использование Docker;Моуэт Эдриен;На складе;1285;1835;30
Методы разработки математических моделей и вычислительный эксперимент на базе пакета MATLAB;Плохотников Константин Эдуардович;На складе;1334;1905;30
Программирование систем числового программного управления. учебное пособие (+CD);Сосонкин Владимир Лазаревич, Мартинов Георгий;На складе;881;1258;30
Цифровая обработка сигналов на языке Python;Дауни Аллен Б.;На складе;579;827;30
Эффективная работа с унаследованным кодом;Физерс Майкл К.;Ограничено;2668;3811;30
"Новые сложные задачи на C++. Серия ""C++ In-Depth""";Саттер Герб;Ограничено;1068;1526;30
Программирование на C++ в примерах и задачах;Васильев Алексей Николаевич;На складе;649;832;22
Cassandra. Полное руководство;Карпентер Джефф, Хьюитт Эбен;На складе;1070;1529;30
Изучаем Angular 2;Дилеман Пабло;На складе;999;1427;30
Разработка обслуживаемых программ на языке C#;Виссер Джуст;На складе;649;927;30
Разработка обслуживаемых программ на языке Java;Виссер Джуст;Ограничено;649;927;30
10 практических устройств на AVR-микроконтроллерах. Книга 1 (+CD);Кравченко Алексей Владимирович;На складе;356;509;30
XBRL для чайников;Хоффман Чарльз, Уотсон Лив;На складе;1814;2592;30
Разработка геоприложений на языке Python;Вестра Эрик;На складе;1213;1733;30
Инженерия требований;Халл Элизабет и др.;На складе;999;1427;30
Программирование PIC - микроконтроллеров на PicBasic;Хелибайк Чак;На складе;649;927;30
Введение в современные САПР. Курс лекций;Малюх Владимир Николаевич;На складе;510;728;30
Современные микроконтроллеры. Архитектура, программирование, разработка устройств;Магда Юрий Степанович;На складе;579;827;30
Функциональное программирование на F#;Сошников Дмитрий Валерьевич;На складе;510;728;30
Скользкие места С++. Как избежать проблем  при проектировании и компиляции ваших программ;Дьюхэрст Стефан К.;На складе;649;927;30
Программируем микрокомпьютер NXT в LabVIEW;Белиовская Лидия Георгиевна, Белиовский Александр Евгеньевич;На складе;510;728;30
Dart в действии;Баккет Крис;На складе;1142;1631;30
MATLAB. Полный самоучитель;Дьяконов Владимир Павлович;На складе;1428;2040;30
С для программистов с введением в С11;Дейтел Харви, Дейтел Пол Дж.;На складе;1070;1529;30
Параллельное и конкурентное программирование на Haskell;Марлоу Саймон;На складе;1142;1631;30
Практическое использование Common Lisp;Сайбель Питер;На складе;1285;1835;30
Сбор данных в Интернете на языке R;Храмов Дмитрий Александрович;На складе;928;1325;30
Unity 5.x. Программирование искусственного интеллекта в играх;Паласиос Хорхе;На складе;999;1427;30
Программирование микроконтроллеров. Стратегия и тактика;Матюшин Андрей Олегович;На складе;1142;1631;30
Ruby on Rails для начинающих. Изучаем разработку веб-приложений на основе Rails;Хартл Майкл;На складе;1570;2243;30
Программирование и отладка С/С++ приложений для микроконтроллеров ARM;Магда Юрий Степанович;На складе;510;728;30
Эффективное использование С++. 55 верных способов улучшить структуру и код ваших программ;Мэйерс Скотт;На складе;717;1024;30
Assembler. Для DOS, Windows и Unix;Зубков Сергей Владимирович;На складе;1070;1529;30
Лямбда-выражения в Java 8. Функциональное программирование - в массы;Уорбэртон Ричард;На складе;579;827;30
Системная инженерия. Принципы и практика;Косяков Александр и др.;На складе;1428;2040;30
PHP 7;Котеров Дмитрий Владимирович, Симдянов Игорь Вячеславович;На складе;1217;1739;30
Оптимизация приложений на платформе .Net;Голдштейн Саша и др.;На складе;1285;1835;30
Интерфейс. Основы проектирования взаимодействия;Купер Алан и др.;На складе;1714;2197;22
Аналоговые интерфейсы микроконтроллеров;Болл Стюарт Р.;На складе;856;1223;30
Анализ сетей (графов) в среде R. Руководство пользователя;Люк Дуглас А.;Ограничено;1285;1835;30
Основы проектирования в Autodesk Inventor 2016;Зиновьев Дмитрий Валериевич;На складе;579;827;30
Изучай Haskell во имя добра!;Липовача Миран;На складе;1070;1529;30
Matlab & Simulink. Проектирование мехатронных систем на ПК. Учебное пособие для ВУЗов (+CD);Герман-Галкин Сергей Германович;На складе;475;678;30
10 практических устройств на AVR-микроконтроллерах. Книга 2 (+CD);Кравченко Алексей Владимирович;Ограничено;356;509;30
Вычислительная геометрия. Алгоритмы и приложения;Де Берг Марк и др.;На складе;1713;2447;30
Разработка веб-приложений в ReactJS;Хортон Адам, Вайс Райан;На складе;999;1427;30
Введение в статистическое обучение с примерами на языке R;Джеймс Гарет и др.;На складе;2141;3059;30
Современное программирование с нуля!;Потопахин Виталий Валерьевич;На складе;510;728;30
Программирование на языке Lua;Иерузалимски Роберту;На складе;928;1325;30
Android NDK. Руководство для начинающих;Ретабоуил Сильвен;На складе;1156;1651;30
Скрапинг веб-сайтов с помощью Python. Сбор данных из современного интернета;Митчелл Райан;На складе;928;1325;30
PIC-микроконтроллеры: архитектура и программирование;Предко Майкл;На складе;856;1223;30
Моделирование антенных устройств в Matlab с использованием пакета расширения Antenna Toolbox;Типикин А. А.;На складе;351;501;30
Управление электронными устройствами на С++. Разработка практических приложений;Катупития Янта, Бентли Ким;На складе;999;1427;30
C# 6.0. Справочник. Полное описание языка;Албахари Джозеф, Албахари Бен;На складе;3025;4322;30
Swift. Карманный справочник. Программирование в среде iOS и ОS X;Грей Энтони;На складе;731;1044;30
LabVIEW: стиль программирования;Блюм Питер;На складе;649;927;30
Искусство автономного тестирования с примерами на С#;Ошероув Рой;На складе;1142;1631;30
Графовые базы данных. Новые возможности для работы;Робинсон Ян и др.;На складе;928;1325;30
Руководство по микропроцессорному обеспечению;;Ограничено;999;1427;30
Программирование компьютерного зрения на языке Python;Солем Ян Эрик;На складе;999;1427;30
UML Проектирование систем реального времени, распределенных и параллельных приложений;Гома Хассан;На складе;1428;2040;30
Периферийные устройства: интерфейсы, схемотехника, программирование;Авдеев Вадим Александрович;На складе;1285;1835;30
R в действии. Анализ и визуализация данных на языке R;Кабаков Роберт И.;На складе;1142;1631;30
Анализ больших наборов данных;Лесковец Юре и др.;На складе;1713;2447;30
Построение компиляторов;Вирт Никлаус;На складе;579;827;30
Современный PHP. Новые возможности и передовой опыт;Локхарт Джош;На складе;928;1325;30
MATLAB. Теория и практика;Гилат Амос;На складе;1142;1631;30
Параллельное программирование на С++ в действии. Практика разработки многопоточных программ;Уильямс Энтони;На складе;1428;2040;30
Наиболее эффективное использование С++. 35 новых рекомендаций  по улучшению ваших программ;Мейерс Скотт;На складе;717;1024;30
Введение в надежное и безопасное распределенное программирование;Качина Кристиан и др.;На складе;1428;2040;30
C# 6.0. Карманный справочник;Албахари Джозеф, Албахари Бен;На складе;731;1044;30
Разработка веб-приложений с использованием Flask на языке Python;Гринберг Мигель;На складе;928;1325;30
Алгоритмы. Теория и практическое применение;Стивенс Род;На складе;985;1263;22
Python. К вершинам мастерства;Рамальо Лучано;На складе;1428;2040;30
Введение в ECMAScript 6;Прасти Нараян;На складе;717;1024;30
Программирование для Windows на С/С++. В 2-х томах. Том 2;Мартынов Николай Николаевич;На складе;258;369;30
Программирование мобильных устройств на платформе .Net Compact Framework;Самре Иво;На складе;934;1334;30
Разработка приложений для iPhone, iPad и iPod touch с использованием iOS SDK;Марк Дэйв и др.;На складе;1210;1728;30
Silverlight 5 с примерами на C# для профессионалов;Мак-Дональд Мэтью;На складе;1453;2075;30
C# 5.0.Справочник. Полное описание языка;Албахари Джозеф, Албахари Бен;Ограничено;2001;2858;30
Java SE 8. Вводный курс;Хорстманн Кей С.;Ограничено;731;1044;30
Joomla! Для профессионалов;Рамел Дэн;На складе;1210;1728;30
Microsoft Exchange Server 2013. Полное руководство;Моримото Рэнд и др.;Ограничено;2668;3811;30
WinRT. программирование на C# для профессионалов;Рихтер Джеффри, ван де Боспурт Мартен;Ограничено;1210;1728;30
Программирование для iOS 7. Основы Objective-C, Xcode и Cocoa;Нойбург Мэтт;Ограничено;969;1384;30
Руководство для программиста на Java. 75 рекомендаций по написанию надежных и защищенных программ;Лонг Фрэд и др.;На складе;667;953;30
ASP.NET MVC 5 с примерами на C# 5.0 для профессионалов;Фримен Адам;На складе;4002;5717;30
Swift. Разработка приложений в среде Xcode для iPhone и iPad с использованием iOS SDK;Марк Дэвид и др.;Ограничено;3025;4322;30
Java. Библиотека профессионала. Том 2. Расширенные средства программирования;Хорстманн Кей С., Корнелл Гари;Ограничено;2668;3811;30
Drupal 7. Руководство пользователя;Колисниченко Денис Николаевич;На складе;260;371;30
Joomla 2.5. Руководство пользователя;Колисниченко Денис Николаевич;Ограничено;377;538;30
C# 5.0 и платформа .NET 4.5 для профессионалов;Глинн Джей и др.;Ограничено;1814;2592;30
Расширение библиотеки STL для С++. Наборы и итераторы (+CD);Уилсон Мэтью;На складе;718;1025;30
Python на практике;Саммерфилд Марк;На складе;856;1223;30
Линейное программирование. Руководство к решению задач;Лунгу Константин Никитович;Ограничено;242;346;30
Поисковая адаптация. Теория и практика;Курейчик Виктор Михайлович и др.;Ограничено;589;842;30
Методы оптимальных решений. В 2 томах. Том 2. Многокритериальность. Динамика. Неопределенность;Токарев Владислав Васильевич;Ограничено;1345;1922;30
Компьютерное моделирование логических процессов. Архитектура и язык решателя задач;Подколзин Александр Сергеевич;Ограничено;1495;2136;30
Дизайн и эволюция языка С++;Страуструп Бьерн;На складе;789;1127;30
Обработка естественного языка на Java;Риз Ричард;На складе;999;1427;30
Дизайн и эволюция языка С++;Страуструп Бьерн;На складе;789;1127;30
Обработка естественного языка на Java;Риз Ричард;На складе;999;1427;30
Современное логическое программирование на языке Visual Prolog 7.5. Учебник;Марков В. Н.;На складе;755;1078;30
Теория вычислений для программистов;Стюарт Том;На складе;928;1325;30
Алгоритмы и структуры данных. Новая версия для Оберона;Вирт Никлаус;На складе;649;927;30
Искусство поиска решения в нестандартной задаче;Потопахин Виталий Валерьевич;На складе;438;626;30
Программирование на Python для начинающих;МакГрат Майк;На складе;568;728;22
Применение Web-стандартов. CSS и Ajax для больших сайтов;Шмитт Кристофер и др.;На складе;251;359;30
Автоматизированные информационно-управляющие системы с применением SCADA-системы TRACE MODE;Пьявченко Тамила Алексеевна;На складе;1670;2386;30
Язык Swift. Самоучитель;Харазян Айк Арменович;На складе;316;452;30
ATDD. Разработка программного обеспечения через приемочные тесты. Практический подход;Гэртнер Маркус;На складе;789;1127;30
Читаем Тьюринга. Путешествие по исторической статье Тьюринга о вычислимости и машинах Тьюринга;Петцольд Чарльз;На складе;1142;1631;30
Шейдеры и эффекты в Unity. Книга рецептов;Ламмерс Кенни;На складе;789;1127;30
JavaScript и jQuery. Исчерпывающее руководство;Макфарланд Дэвид;На складе;1314;1685;22
MUMPS СУБД. Практика применения и опыт программирования;Каратаев Евгений Анатольевич;Ограничено;1273;1819;30
Полезное программирование. Уникальное руководство;Комлев Николай Юрьевич;На складе;679;970;30
Visual FoxPro 9.0. Учебный курс;;На складе;607;867;30
MATLAB и SIMULINK для радиоинженеров;Дьяконов Владимир Павлович;На складе;1856;2651;30
Справочник по языку Haskell;Душкин Роман Викторович;На складе;928;1325;30
Java EE 7 и сервер приложений GlassFish 4;Хеффельфингер Дэвид;На складе;999;1427;30
Программирование на ассемблере на платформе x86-64;Аблязов Руслан Зуфярович;На складе;709;1013;30
Семантический веб;Антониоу Григорис и др.;На складе;856;1223;30
Функциональное программирование на языке Haskell;Душкин Роман Викторович;На складе;999;1427;30
Программирование на языке Go. Разработка приложений XXI века;Саммерфильд Марк;На складе;1285;1835;30
Разработка приложений Java EE 7 в NetBeans 8;Хеффельфингер Дэвид;На складе;1047;1496;30
Разработка программного обеспечения: управление изменениями;Белладжио Дэвид, Миллиган Том;Ограничено;717;1024;30
От математики к обобщенному программированию;Степанов Александр, Роуз Дэниэл Э.;На складе;856;1223;30
Изучаем программирование на JavaScript;Фримен Эрик, Робсон Элизабет;На складе;2051;2630;22
Путь Ruby;Фултон Хэл, Арко Андрэ;На складе;1428;2040;30
Программирование на Objective-C;Кочан Стивен;На складе;1471;2101;30
Изучаем Spark;Карау Холден и др.;На складе;928;1325;30
Статистический анализ и визуализация данных с помощью R;Мастицкий Сергей Эдуардович, Шитиков Владимир;На складе;1142;1631;30
LLVM. Инфраструктура для разработки компиляторов;Кардос Лопес Бруно, Аулер Рафаэль;Ограничено;928;1325;30
OpenGL ES 3.0. Руководство разработчика;Гинсбург Дэн, Пурномо Будирижанто;На складе;1285;1835;30
Современный Фортран на практике;Маркус Арьен;На складе;856;1223;30
Elastix - общайтесь свободно!;Юров Владислав;Ограничено;996;1423;30
Постреляционная СУБД Cache 5. Объектно-ориентированная разработка приложений (+CD);Кирстен Вольфганг и др.;На складе;538;768;30
Квантовые вычисления и функциональное программирование;Душкин Роман Викторович;На складе;510;728;30
Создание облачных и мобильных приложений на языке F#;Мол Дэниел;На складе;579;827;30
OpenGL 4. Язык шейдеров. Книга рецептов;Вольф Дэвид;На складе;1142;1631;30
Микроконтроллеры AVR семейств Tiny и Mega фирмы ATMEL;Евстифеев А.В.;На складе;856;1223;30
Микроконтроллеры AVR семейства Classic фирмы ATMEL;Евстифеев А.В.;На складе;579;827;30
Микроконтроллеры AVR семейства Mega. Руководство пользователя;Евстифеев А.В.;На складе;999;1427;30
Микроконтроллеры AVR семейства Tiny. Руководство пользователя;Евстифеев А.В.;На складе;717;1024;30
Проектирование на ПЛИС. Архитектура, средства и методы. Курс молодого бойца;Максфилд Клайв;На складе;856;1223;30
Программирование микроконтроллеров ATMEL на языке C (+CD);Прокопенко Вадим Сергеевич;На складе;762;1088;30
Семь моделей конкуренции и параллелизма за семь недель;Батчер Пол;На складе;999;1427;30
Адаптивные и инвариантные алгоритмы обнаружения объектов на изображениях и их моделирование в Matla;Волков Владимир Юрьевич;На складе;1044;1491;30
Дневник охотника за ошибками. Путешествие через джунгли проблем безопасности программного обеспеч.;Клейн Тобиас;На складе;717;1024;30
Введение в UML от создателей языка;Рамбо Джеймс и др.;На складе;856;1223;30
Технологии программирования на Java 2. Распределенные приложения;Дейтел Харви и др.;Ограничено;417;596;30
Silverlight 4. Создание насыщенных Web-приложений;Байдачный Сергей Сергеевич;На складе;390;557;30
EJB 3 в действии;Панда Дебу и др.;На складе;1428;2040;30
Обработка неструктурированных текстов. Поиск, организация и манипулирование;Ингерсолл Грант С. и др.;На складе;1070;1529;30
Жемчужины проектирования алгоритмов. Функциональный подход. С примерами на языке Haskell;Бёрд Ричард;На складе;856;1223;30
Асинхронное программирование в C# 5.0;Дэвис Алекс;На складе;369;527;30
Радиолюбительские конструкции на PIC-микроконтроллерах. Книга 1 (+CD);Заец Николай Иванович;На складе;452;645;30
Практика программирования на языке Паскаль. Задачи и решения;Медведик Владимир Иванович;На складе;999;1427;30
Методы обработки и распознавания изображений лиц в задачах биометрии;Кухарев Георгий Александрович и др.;На складе;848;1212;30
Эффективные технологии создания информационных систем;Мещеряков Сергей Владимирович, Иванов Владимир Михайлович;На складе;474;677;30
Введение в теорию языков программирования;Довек Жиль, Леви Жан-Жак;На складе;438;626;30
Spring в действии;Уоллс Крейг;На складе;1428;2040;30
Программирование на языке OCaml;Мински Ярон и др.;На складе;1428;2040;30
Платформа Windows Azure;Редкар Теджасви, Тони Гвидичи;На складе;1142;1631;30
"За пределами ""Linux с нуля"". Версия 7.4. Том 2";;На складе;1142;1631;30
Расширение библиотеки jQuery;Вуд Кит;Ограничено;856;1223;30
.NET Сетевое программирование;Кумар Винод и др.;На складе;894;1277;30
Редкая профессия;Зуев Евгений Александрович;На складе;438;626;30
Моделирование электротехнических устройств в MATLAB. SimPowerSystems и Simulink;Черных Илья Викторович;На складе;579;827;30
Java. Эффективное программирование;Блох Джошуа;На складе;825;1179;30
Разработка веб-приложений с использованием AngularJS;Козловский Павел, Бэкон Дарвин Питер;На складе;928;1325;30
Zend Framework 2.0 разработка веб-приложений;Шасанкар Кришна;Ограничено;455;583;22
Разработка приложений для Windows Phone. Архитектура, фреймворки, API;Гецманн Патрик и др.;На складе;1071;1530;30
Основы теории вейвлетов. Вейвлеты в MATLAB;Смоленцев Николай Константинович;Ограничено;1113;1590;30
Google App Engine Java и Google Web Toolkit. Разработка Web-приложений;Машнин Тимур Сергеевич;Ограничено;463;662;30
Visuai Basic в задачах и примерах;Сафронов Игорь Константинович;На складе;232;332;30
LabVIEW. Практический курс для инженеров и разработчиков;Магда Юрий Степанович;На складе;438;626;30
Самоучитель PHP 5/6;Кузнецов Максим Валерьевич, Симдянов Игорь Вячеславович;На складе;629;899;30
Применение микроконтролеров PIC18. Архитектура, программирование с применением С и ассемблера (+CD);Брэй Барри;На складе;958;1368;30
Программирование для школьников и студентов. Учебное пособие;Колесов Вадим Владимирович, Романов Максим Николаевич;На складе;164;234;30
jQuery Mobile. Разработка приложений для смартфонов и планшетов;Фиртман Максимилиано;На складе;291;415;30
Принципы построения, применения и проектирования компьютерной платформы U-SYS;Росляков Александр Владимирович, Крылов Павел Сергеевич;На складе;290;414;30
Разработка приложений Java EE 6 в NetBeans 7;Хеффельфингер Дэвид;Ограничено;856;1223;30
Курс практического программирования в Delphi. Объектно – ориентированное программирование. Практикум;Санников Е. В.;На складе;602;860;30
MUMPS СУБД Практика применения и опыт программирования;Каратаев Евгений Анатольевич;Ограничено;1146;1637;30
C++ AMP. Построение массивно параллельных программ с помощью Microsoft Visual C++;Грегори Кейт, Миллер Эйд;Ограничено;999;1427;30
Оптимизация производительности приложений для iOS. Для профессионалов;Во Ханг;На складе;789;1127;30
Методы программирования. Компьютерные вычисления;Могилев Александр Владимирович, Листрова Людмила Викторовна;Ограничено;355;507;30
TV-приемники на шасси VESTEL 11АКхх. Телевизионные шасси 11АК20, 11АК30, 11АК36, РТ-92 (+CD);Безверхний И. Б.;Ограничено;256;366;30
Изучаем программирование для iPAD. Практич. руководство по созданию приложений для iPAD с ОС iOS 5;Тэрнер Кирби, Харрингтон Том;На складе;1028;1468;30
Программирование на алгоритмическом языке КуМир;Анеликова Людмила Александровна, Гусева Ольга Борисовна;На складе;212;303;30
Создание web-приложений в Silverlight;Буньон Лоран;На складе;713;1018;30
С++ для начинающих;Шилдт Герберт;На складе;774;1105;30
Цифровая обработка сигналов. Моделирование в Simulink;Солонина Алла Ивановна;На складе;427;610;30
XSLT. Сборник рецептов;Мангано Сэл;На складе;777;1110;30
Основы Microsoft Visual Studio .NET 2003;Джонсон Брайан и др.;На складе;234;334;30
Средства информатизации. Телекоммуникационные технологии;Могилев Александр Владимирович, Листрова Людмила Викторовна;Ограничено;254;363;30
iPhone. Разработка приложений с открытым кодом;Здзиарски Джонатан;Ограничено;280;400;30
Профессиональное программирование приложений для iPhone и iPad;Баклин Джин;На складе;1026;1316;22
JavaFX 2.0. Разработка RIA-приложений;Машнин Тимур Сергеевич;На складе;314;449;30
Программирование для студентов и школьников на примере Small Basic;Ахметов Ильдар Геннадьевич;На складе;166;237;30
Silverlight. Практическое руководство;Браун Пит;На складе;1332;1708;22
PHP. Создание динамических страниц;Пауэрс Дэвид;На складе;1112;1112;0
Изучаем Java;Сьерра Кэтти, Бейтс Берт;На складе;1232;1579;22
Самоучитель Adobe Dreamweaver CS5.5;Дронов Владимир Александрович;На складе;254;363;30
Язык программирования Java и среда NetBeans (+DVD);Монахов Вадим Валерьевич;На складе;531;759;30
Flex 4. Рецепты программирования;Ноубл Джошуа и др.;На складе;798;1140;30
Цифровая обработка сигналов на системном уровне с использованием LabVIEW (+CD);Кехтарнаваз Насер, Ким Намджин;Ограничено;1473;2104;30
1С: Предприятие 8.2. Коротко о главном. Новые возможности версии 8.2 (+CD);Радченко Максим Григорьевич;На складе;240;343;30
"""1С.Предприятие 8"". Конвертация данных. Обмен данными между прикладными решениями (+CD)";Бояркин В.Э., Филатов А. И.;На складе;233;333;30
"Как настраивать ""1С:Предприятие 8.2"" при внедрении (+СD)";Ажеронок Валентин Александрович;На складе;233;333;30
Нейросети и нейрокомпьютеры;Злобин Владимир Константинович, Ручкин Владимир Николаевич;На складе;232;332;30
ASP.NET. Сборник рецептов (+CD);Агуров Павел Владимирович;На складе;370;528;30
Разработка Web-портала в ASP.NET.2.0 и SharePoint 2007 (+CD);Гробов Игорь Дмитриевич;На складе;439;627;30
Ассемблер для Windows (+СD);Пирогов Владислав Юрьевич;На складе;519;742;30
C# 3.0. Справочник;Албахари Джозеф;Ограничено;593;847;30
Firebird: руководство разраб баз данных;Борри Хелен;Ограничено;568;812;30
Самоучитель Silverlight 3;Дронов Владимир Александрович;На складе;291;415;30
Windows Driver Foundation: разработка драйверов;Орвик Пенни, Смит Гай;На складе;718;1025;30
Microsoft ASP.NET 2.0. Базовый курс. Мастер-класс;Эспозито Дино;На складе;697;893;22
Рефакторинг в C# и ASP.NET для профессионалов;Арсеновски Даниэль;На складе;1601;2287;30
Микрокомпьютерные системы управления. Первое знакомство;Суэмацу Есикадзу;На складе;579;827;30
Silverlight 2. Технология создания интернет-приложений;Буньон Лоран;На складе;584;834;30
Pocket PC. Руководство разработчика;Крелль Брюс Е.;Ограничено;207;296;30
Visual Basic. Освой на примерах (+CD);Культин Никита Борисович;На складе;143;204;30
Апокалипсис криптографии;;На складе;1189;1699;30
{Вы пока еще не знаете JS} Область видимости и замыкания;Симпсон Кайл;На складе;873;1119;22
